{
  "episode_id": "ent_hospital_eeg_v01",
  "dim": 256,
  "vector": [
    -0.069534061991666,
    -0.029155770830685775,
    -0.14845779752012622,
    0.028675894696603362,
    -0.1049098763405511,
    -0.031872248806797523,
    0.08876344193220287,
    0.05223815713969552,
    0.05031070682255655,
    -0.09259830739039392,
    -0.05042067381524263,
    0.06398828016552705,
    0.05062836031085861,
    -0.05093593908188153,
    0.09257972621217994,
    -0.023003622056606183,
    -0.0569976951956249,
    0.015828692731859984,
    0.033068755896065845,
    0.017935376836488562,
    0.03636531133822921,
    0.06671087944143335,
    0.0293194483889966,
    0.011345340429291658,
    0.06698716625150494,
    0.03774990009755329,
    0.02086878531990361,
    0.09742256238697651,
    0.08419735433913512,
    -0.08663355243284078,
    -0.030624688571767943,
    0.007522340831208843,
    0.0410961484220095,
    -0.00806780386488119,
    0.09315817323025771,
    -0.044228890129252775,
    -0.02261019852396353,
    -0.05515321687188818,
    -0.0831387066467118,
    0.09866645780790684,
    0.07942571340404062,
    -0.13683448231503395,
    0.08453261365725023,
    0.004887314781706536,
    0.21556754856525476,
    0.045218383952378746,
    0.008712282107004065,
    -0.021960205819324813,
    -0.01583048223923218,
    0.0020249951156642272,
    0.027815712818745144,
    0.03525127119604019,
    -0.04677265100439023,
    -0.10059606459464532,
    0.022822095892200123,
    -0.06945707248798386,
    0.021766122761609795,
    -0.058544227278246624,
    0.02324466163841705,
    -0.052141281304026635,
    0.021524002697935335,
    0.01603337762039338,
    -0.0451594761567667,
    0.10568472579173546,
    -0.035753193378710656,
    -0.0480646308991429,
    0.022236368767430653,
    -0.10656358652500558,
    0.04532231991630888,
    -0.0164827024133844,
    -0.1393949998747231,
    0.05468639752345593,
    0.06492059337970424,
    0.01777684282514559,
    0.09767587415850014,
    -0.06596930351000138,
    0.017223697282784552,
    0.009838342134915495,
    -0.007483881012487634,
    0.017671772303811274,
    0.04771619167688933,
    0.019498035592574302,
    0.035798600063902744,
    -0.058218238817221886,
    0.08014457598266268,
    0.044421539562104324,
    -0.09863592774967893,
    -0.015351398803774514,
    -0.05434376876261624,
    -0.031615104199935545,
    -0.022578990983700958,
    0.024478377831423037,
    0.013304850873253768,
    0.009196962880556485,
    0.013379766780521978,
    -0.07034368626735651,
    0.04453773242628752,
    0.021876456069638298,
    -0.05966033255890268,
    -0.02439025430094671,
    0.07835736727934563,
    0.01946386879320639,
    -0.05798322804419195,
    -0.021582476794505128,
    -0.07228973120306104,
    -0.032636907434544525,
    -0.0020752236557305737,
    -0.007492938292302754,
    0.026692244695559166,
    -0.029608926886144138,
    -0.058877167833244,
    -0.009285892484978787,
    -0.04196609077720236,
    0.08654942649687514,
    0.04085759592458196,
    0.014484755954993796,
    -0.10878375637170552,
    0.1105070951847131,
    0.05567508071187628,
    -0.08773750968321191,
    -0.027615716551662395,
    0.069270700591121,
    0.03294435610791959,
    0.05234574299562164,
    0.025754689830548915,
    -0.012534215834528097,
    -0.06959216981812878,
    -0.039574387114345876,
    -0.09911364327351024,
    0.07683009389697533,
    -0.07251249768283521,
    -0.012408847383675571,
    -0.024159694541527933,
    0.09189127324543071,
    0.16908913463152458,
    0.0072933635416098505,
    -0.008953777125996145,
    -0.16019602764374138,
    0.039625009955312165,
    -0.011493697346884973,
    0.028290175151832554,
    -0.05195174082100629,
    0.020679675538963795,
    0.03875702718883383,
    0.10343423147277289,
    -0.03635653756093769,
    -0.041021443046762446,
    -0.07926238211081331,
    0.03116502174609283,
    0.012091831464488735,
    -0.054823060280727934,
    -0.04621863172278102,
    0.04388668683601125,
    0.005072917932980105,
    0.06500830483466646,
    0.07696220289246265,
    0.11007600493835526,
    -0.06420029694165118,
    0.06887462688292302,
    -0.08116370599998958,
    -0.003179880841236953,
    0.060308606792744475,
    0.015498523563271369,
    -0.01180699456460853,
    0.005100523062909294,
    -0.04450999340302551,
    -0.09460488692245908,
    0.014251415005231442,
    0.07650008250724612,
    0.11669903012140337,
    -0.034690195073441635,
    0.04790446456199865,
    0.04620662053769875,
    -0.037208282078164026,
    0.040632931807375344,
    -0.06513735562797712,
    0.033082015726362816,
    -0.03539531280822657,
    -0.030375402368691923,
    -0.015460462108250538,
    0.08523032969067883,
    0.047788656985287566,
    0.05887384359523769,
    -0.033271447517955834,
    -0.05419874459594587,
    0.055596608665585835,
    -0.015599035219139142,
    -0.09283624940165103,
    -0.03853044413800256,
    -0.14399476823029153,
    -0.10056706049616713,
    -0.058718035799361405,
    -0.009158947255929268,
    -0.06195752873177275,
    0.08269521504981377,
    0.022432149269022452,
    -0.017422505976809097,
    -0.05880675729336853,
    0.028099455649904657,
    -0.026807731263060276,
    0.07404062317043028,
    -0.0935502995796943,
    -0.01575892818454092,
    -0.050208106045058994,
    0.13505006571497247,
    0.01827363701236851,
    0.025933417785425628,
    0.03165600885495055,
    0.033810963566872694,
    0.0004468325118899477,
    -0.09494429850243563,
    0.024987046395762512,
    -0.04628720646286683,
    -0.057082016874959056,
    -0.04736279117264805,
    -0.10942476403856838,
    -0.034673994219275424,
    -0.09545797775364798,
    -0.004090257218138598,
    0.043584894928319434,
    -0.0311466845915332,
    0.004869038070038693,
    0.031214455655280464,
    -0.14669058238742055,
    0.013784134070141089,
    0.0037336296241069255,
    0.06031606674938868,
    -0.10877554640055535,
    -0.0753476039279617,
    -0.05418640844920268,
    0.0247647316935403,
    -0.08661930730412366,
    0.19060637713305514,
    0.09384384349353858,
    0.08179680252794934,
    -0.016616417220868346,
    -0.039175511059317936,
    -0.048289381123817296,
    -0.05003592557963144,
    -0.004820240914631114,
    0.02236050899411149,
    0.005399157675678798,
    0.06374397937663112,
    0.034197554748075586,
    0.13058538066393005,
    0.02177939800807984,
    -0.04257083287484718,
    0.004364289525115324,
    0.01680183556787548,
    0.07704746184389795,
    -0.010282034808015194,
    -0.12685088122855784,
    0.01845671132496773,
    -0.00805131660680489,
    0.008083708952001082,
    -0.002407320558048205
  ],
  "modality_contributions": {
    "spectral": 0.4,
    "imu": 0.21,
    "audio": 0.24
  },
  "quality_score": 0.8000000000000002
}