{
  "episode_id": "ent_power_grid_harmonic_v02",
  "dim": 256,
  "vector": [
    -0.027000195177355184,
    -0.14909867801474955,
    0.024712007435060145,
    -0.06897343020779162,
    0.12274023170051006,
    -0.12970952814541045,
    0.040216628336385424,
    0.0007799684307125705,
    0.0062654355276591965,
    0.00658443909350065,
    -0.04934830537068993,
    0.01888978539630665,
    -0.012275967387542122,
    0.058869739456169974,
    0.04862152641090398,
    0.035624810794822236,
    0.005202507816742848,
    -0.021707607934133132,
    0.07422267694803711,
    0.11261826302552908,
    0.08352140930368931,
    -0.0036523184172300126,
    0.056457922754912016,
    0.00545174307534324,
    -0.01888704355295399,
    -0.052429602079979154,
    0.052914790030462025,
    -0.05222624686640848,
    0.04863694693920587,
    0.06166026522754473,
    0.029599155270040423,
    -0.04540623393115976,
    -0.11460126104941926,
    -0.05451339254648767,
    0.014139224666684585,
    0.030180418671426772,
    0.03737331275066415,
    0.10382055735037443,
    -0.02051003711361351,
    0.030357967394835365,
    0.1308749929115295,
    -0.08195384291637872,
    0.13007974508821746,
    -0.06285907839027315,
    -0.020766194113002016,
    0.08900096468011293,
    0.003317081795892963,
    0.08936067234247567,
    0.049336766329650304,
    -0.04092598694701736,
    0.01575370617361437,
    -0.041486704509230844,
    -0.03592331133428895,
    0.016119920604967485,
    -0.05742861990590103,
    -0.0473524383272519,
    0.02409456338729739,
    0.022414765023417486,
    -0.1622301861530187,
    -0.025635598807541026,
    0.04317960426194404,
    0.02458482297240152,
    -0.11203551333933044,
    0.03460354427411251,
    -0.11688847126749022,
    0.005253933168353435,
    -0.05043012440787753,
    -0.049998730165291175,
    0.05847547089658821,
    0.049850672548429426,
    0.01556842156705837,
    0.08384154609702879,
    0.1219431304385468,
    0.02599705552442661,
    0.014990947371293212,
    -0.07788241690225287,
    0.037002193343579064,
    -0.11575502656482882,
    -0.0715398139054802,
    -0.08909374775959505,
    0.09231517414376444,
    0.05005270461248331,
    -0.012598701487674209,
    -0.06670565275836148,
    -0.02036460849342719,
    0.019001020925808094,
    0.03175079703916025,
    -0.016998452347784777,
    -0.0397525002197711,
    -0.020758522495259345,
    -0.06857169522282948,
    -0.004343658586828922,
    0.11189224950955409,
    0.07643699293327183,
    -0.06110790750460216,
    -0.08019793590847762,
    0.06897228865378144,
    -0.026509312675959195,
    -0.003806562400426805,
    -0.009048711963541217,
    -0.07372453635051834,
    -0.0008811167166817263,
    -0.015478989731104835,
    0.04141740251156419,
    0.11565248712267227,
    -0.0027206409640416237,
    0.0032028378464582555,
    0.14572965571267363,
    -0.008799356567120347,
    0.01634670537437037,
    -0.05379036918827356,
    0.009824276711181369,
    0.07454999433962681,
    -0.028828276151137863,
    -0.15950862067505997,
    0.1019060260222648,
    -0.05674594397145513,
    0.02537191960181351,
    -0.0313315301845907,
    -0.038174659295235884,
    0.0025173807298915136,
    -0.037846204125906086,
    0.10554671177624816,
    0.11163408508922264,
    0.1696158470222177,
    0.029024480085847945,
    -0.01598833422347134,
    0.012564012830677615,
    -0.04791753195470755,
    0.06375574931102737,
    -0.051650604602292496,
    0.014129918501887046,
    -0.03775753516150556,
    0.0802661966401979,
    -0.03597810720196726,
    0.027978763526838965,
    -0.03884790526909814,
    0.06218846363834551,
    -0.08122172224237072,
    0.048560067114994124,
    -0.06321542565758119,
    -0.0307515575844174,
    0.0014128055399848301,
    0.07484215273452734,
    -0.05701627301847507,
    -0.11290680425918906,
    -0.017668682486181912,
    0.07248746727687694,
    0.005277969723428375,
    0.03481337360294699,
    0.026490195584899578,
    -0.013034090361018017,
    -0.048297702086645584,
    -0.022671577444033506,
    0.04463703236196054,
    -0.0489076148158939,
    0.010047802614331495,
    -0.006365557180287209,
    -0.012335645319171935,
    0.03734726907301008,
    -0.029371686716899964,
    0.06666310906318121,
    -0.03214401360055926,
    0.04922703650018884,
    -0.01001711587292413,
    0.1588559553430016,
    0.00017565570444930424,
    0.04746492234055327,
    0.04865038557514026,
    -0.0878815520511648,
    0.04543492652520074,
    -0.02824112673584963,
    0.04319654599490454,
    0.015911165835825972,
    -0.008766839271440719,
    0.06366717228899119,
    0.02296774137528415,
    -0.024381401392589732,
    -0.05370705036633978,
    0.012292275309801075,
    0.051738212288086456,
    0.0024753448561238797,
    -0.10185842029151718,
    -0.034813674545433944,
    -0.06665426278871966,
    0.11693457237803348,
    -0.005230321027895671,
    0.09268679928324754,
    0.0330329150700732,
    -0.060029640837004294,
    -0.058642761550385177,
    0.04732824111374971,
    0.008789325471802945,
    -0.03947121943202327,
    0.03970736138809797,
    -0.048936979719203084,
    -0.0038875879018256563,
    -0.04964261878209434,
    0.012457089603452714,
    0.011263515593352908,
    -0.0365975719854593,
    -0.004837659521315691,
    -0.042841584519288836,
    -0.18364071087863912,
    0.045425811895802366,
    0.10163430254642906,
    -0.04560625731305159,
    -0.02847411312833931,
    -0.062240803688327316,
    0.04609930159220425,
    -0.054988394031349065,
    -0.04062515763918509,
    -0.05761270829159276,
    0.020075348267049067,
    -0.04093078061849425,
    0.04020131511502132,
    -0.01170382770373576,
    0.015003538562182913,
    -0.06262408110065153,
    -0.10992709923886168,
    -0.046191109018476645,
    -0.119541474161129,
    -0.03589627752282656,
    -0.0024842790118012764,
    -0.022510761601058474,
    -0.03950760428424516,
    0.011902165241835875,
    0.030821299479503746,
    -0.10971809918022347,
    0.052108459522553725,
    0.06124983991192171,
    0.04631311130994501,
    -0.007064393108009138,
    0.07957794969858059,
    -0.0019620973879794865,
    0.05059741292755284,
    -0.17162687235365912,
    -0.040747074267793185,
    0.01810456611659892,
    0.08396500349329285,
    0.048037323797394206,
    -0.06292403352550183,
    0.17710376699773867,
    0.06605387818964373,
    0.025697974505519916,
    0.04011685501757033,
    -0.03952841714718789,
    -0.1373384101731486,
    -0.04677696163837353,
    0.003275432804102309,
    -0.024202455652318728,
    -0.03573828122962364,
    0.02740537304741842,
    -0.014426529312440924,
    -0.03958040513392343,
    0.022638873614558217
  ],
  "modality_contributions": {
    "spectral": 0.4,
    "imu": 0.21,
    "audio": 0.24
  },
  "quality_score": 0.8000000000000002
}