{
  "episode_id": "ent_hospital_eeg_v03",
  "dim": 256,
  "vector": [
    -0.00377631651074133,
    -0.03223783417121003,
    0.08331292582794397,
    0.009103082960209322,
    0.08681359140493516,
    0.026780902254579488,
    -0.012189094690712629,
    0.01843795680088602,
    -0.026033316391607178,
    -0.09109621882952687,
    -0.03639344433037876,
    -0.011421361517910778,
    -0.025272223334333474,
    0.025893934780013582,
    0.06653475950693291,
    -0.05837590305292568,
    -0.01571530292963267,
    0.06417287355730811,
    -0.08916522229934234,
    0.13557676522321227,
    -0.10972991985740525,
    0.03438551153099232,
    0.02300914812026743,
    0.02137161359798929,
    -0.0020133965769336334,
    -0.1518610485561195,
    -0.05915372664471867,
    -0.017918028504274326,
    0.034259776314010934,
    -0.022127597171337877,
    -0.010112191750007094,
    -0.0591098430219308,
    -0.07264758027551702,
    0.07644320239084854,
    -0.03867583654555478,
    -0.045486436299811625,
    0.05139098464953618,
    0.1711238185951611,
    0.09674386302988855,
    -0.05819001624531682,
    0.01454045989170655,
    0.003218416405255911,
    -0.10947995229278576,
    -0.09084621888896761,
    0.057360564885108836,
    0.009505612930424947,
    -0.010391855140556405,
    -0.025138172669222015,
    0.11978246256207956,
    -0.020389563429566344,
    0.08113429927743564,
    -0.07303795383894313,
    0.07294880750282673,
    0.08905320771001918,
    -0.15057261692444246,
    0.001265943862079575,
    0.12451030555180687,
    -0.0663841260591159,
    0.008899928679705356,
    -0.0821597177319838,
    -0.04556802834063461,
    0.07933724152626893,
    -0.018532869987485573,
    -0.0012600965607731456,
    -0.042052670314790846,
    -0.03446343415249914,
    0.10312566737922602,
    -0.008096330809389405,
    0.02308654245104195,
    -0.031066864703318788,
    0.020245746520084984,
    -0.04655318410329915,
    -0.057282459544776565,
    -0.006542217086773347,
    -0.006508621449844782,
    -0.07263528134325466,
    -0.04088687502702703,
    -0.17087607430348434,
    -0.0013549952050801097,
    0.09159718906384581,
    0.12649670729881254,
    0.09336034189098846,
    0.031930427359237325,
    -0.05255647864891472,
    -0.08554393085172225,
    0.02726898513441139,
    -0.02156231875751125,
    0.013520891754729725,
    0.07221515496438002,
    -0.007766170970670186,
    -0.04367603069183631,
    -0.06558601638310553,
    0.025195952855393715,
    0.025716064604907798,
    -0.038073833700777576,
    0.003168293780234474,
    -0.05052711509617085,
    0.024787998121200697,
    0.03400525108668188,
    0.022739325297305955,
    0.13967407694314316,
    -0.039203658760997594,
    -0.01617855480162446,
    0.077486918944022,
    -0.006441677905614229,
    -0.009763160614678747,
    0.08497133457774586,
    -0.05540854179653392,
    -0.04846117003736747,
    0.012483442284150213,
    -0.07196168302397934,
    -0.07731713104020797,
    -0.04775032214791114,
    0.010613341650350373,
    -0.06563939242327707,
    -0.08625222658124561,
    0.02715242803555185,
    0.019748915014331857,
    0.048553283170304856,
    -0.10954963890865616,
    0.050133361557041387,
    0.06702821061434361,
    0.15270382724904338,
    0.040942086584080384,
    -0.04855527756931736,
    -0.05067737728243229,
    0.004455322697331925,
    0.010533802611597098,
    0.031471080385477794,
    0.017788978968564156,
    0.0771995093837006,
    -0.012515024498490889,
    -0.03507923845363872,
    0.049206689178306104,
    0.09382351381425542,
    0.032685569762401556,
    -0.10716109949878012,
    0.06184715995847928,
    -0.02326711389459875,
    0.04553206533742506,
    0.046182989271024245,
    -0.008463221943243943,
    -0.014961749420201856,
    0.09237689830839273,
    0.05213967890447829,
    0.04610443804578965,
    -0.09300539184305792,
    0.09654619442903674,
    -0.10051000418341129,
    -0.0053287051145589496,
    0.12532363139780514,
    0.031786064469142276,
    -0.06864903875278924,
    -0.04716369131269903,
    -0.006119054881312477,
    -0.006421751166418471,
    -0.05200742671996152,
    0.06324625645419202,
    0.024579568660955876,
    -0.05805508986780567,
    -0.057815071763362015,
    -0.016112672883380013,
    0.037437021211377014,
    0.11004598681043974,
    0.16127684478323143,
    -0.03664382575341911,
    -0.014609144493974146,
    0.005608488393315858,
    -0.022331025200668746,
    -0.016968554936473777,
    -0.01518925445753811,
    -0.08829997925266297,
    -0.032485968794623406,
    0.12792754774090712,
    -0.05672472580469986,
    0.07222754092428822,
    -0.09436377861597592,
    0.03415672369157019,
    0.033169739637020086,
    -0.14002644471231504,
    -0.0024795586627325665,
    0.07424493299406378,
    -0.013501064110179085,
    0.06770243231331517,
    0.04738902006298434,
    -0.11321213949962695,
    0.029098150287523297,
    0.019616190041098727,
    -0.010463545219951605,
    -0.024806646660018295,
    0.025468184538410082,
    0.011701976194386586,
    -0.00409467039381117,
    -0.03158156583410277,
    0.04088764474983746,
    0.03880778075874525,
    -0.06527300262150948,
    -0.0013230900247224286,
    -0.08238255841518434,
    0.025744748677519292,
    0.02696871577868062,
    0.008744184572731892,
    0.005411399928227049,
    -0.08173051055351954,
    0.05629201963533171,
    -0.026344489220476205,
    0.018029456988162648,
    0.02340945807019491,
    0.02313526279976239,
    0.06811576184643894,
    -0.09010677195922678,
    -0.09117820841185219,
    -0.07433123672867048,
    0.053344588776191644,
    0.08989467643580296,
    -0.053479458946360754,
    -0.07766038190325672,
    -0.010517230420955549,
    0.04834522800545882,
    0.02327179234288733,
    0.004625489060662292,
    -0.03215589923447068,
    0.09845882511438182,
    -0.07099871784080862,
    0.010528700978822584,
    -0.07084939803736665,
    0.008129414235440988,
    0.07530229375478939,
    -0.039698177852823625,
    0.14317836186194596,
    0.0044234404061797615,
    0.005908893994355156,
    0.046359739568506884,
    0.0014174075948134967,
    0.1495818531716335,
    -0.011789906032202674,
    -0.049125575572724484,
    -0.048837970961608745,
    -0.07949693863188352,
    -0.06482978927782256,
    0.03846609124533808,
    -0.04659318087101036,
    0.07696108131710715,
    0.02710658952400898,
    0.08730214163208495,
    0.03501426368093461,
    -0.02364186205042943,
    -0.036030849680909895,
    0.027403124213375495,
    0.012119792299465143,
    0.05000653143851645,
    -0.021145834074237948,
    0.12560340440151604,
    -0.02092205880899739,
    0.03267186898315328,
    -0.010028773695142426
  ],
  "modality_contributions": {
    "spectral": 0.4,
    "imu": 0.21,
    "audio": 0.24
  },
  "quality_score": 0.8000000000000002
}