{
  "episode_id": "ent_structural_seismic_v02",
  "dim": 256,
  "vector": [
    -0.03187310042545666,
    0.07066070205872121,
    0.018688376059508814,
    -0.05596760490461977,
    0.031302106975075114,
    -0.0073949658955557345,
    0.023984318507982983,
    0.12767924055789118,
    0.018400808492536665,
    -0.04201020718208476,
    -0.09631027889869424,
    -0.048821861948763576,
    -0.03760673330826663,
    -0.03891772682048772,
    -0.016224269556035825,
    -0.04593473109088842,
    -0.1181846939739061,
    0.044437399445774205,
    0.14053249820083288,
    0.04364067688957476,
    -0.046288143796039294,
    -0.03673026730210056,
    0.11284975017618507,
    -0.058749341047420675,
    0.0074778131281157505,
    -0.13114948894276915,
    0.020590175073433907,
    -0.06815370872179861,
    0.09284159924688909,
    0.04286636341060815,
    -0.0665419715737778,
    -0.048902163874156336,
    -0.04154747474330848,
    0.004512958136548625,
    0.06482250944242647,
    0.033796780902141554,
    0.015717349549161357,
    0.009622072593195065,
    -0.13191891067321335,
    0.061140245116394924,
    -0.09180769419652683,
    0.047472941438858926,
    -0.05494102096207401,
    -0.03317423909975259,
    -0.06718268363131667,
    -0.057860624596720145,
    0.012593320707523671,
    0.09627197329452229,
    0.05767436086023123,
    0.0291501145181551,
    0.003901503846503039,
    -0.04815364320281119,
    0.050544182526352927,
    -0.008662840689804331,
    -0.14998681939611605,
    0.03069480074723815,
    -0.06848076603586976,
    -0.05785897325224986,
    -0.011017295975209602,
    -0.11547214564681937,
    -0.11436687319265422,
    -0.08299344767159615,
    -0.11204774004993359,
    -0.04186674452640986,
    -0.021414563492162135,
    0.052952120648976635,
    0.0519958920548198,
    -0.0368601210808571,
    -0.13185782767628285,
    0.0715128606295305,
    -0.11249994900433392,
    0.09368734765513612,
    -0.006801852681239947,
    -0.06730475091895968,
    0.01989771040987427,
    0.07325157471711316,
    -0.029715438700690752,
    0.011991276347391706,
    -0.02910421618994169,
    -0.018458776138562616,
    -0.06492503369215377,
    -0.002982710751746512,
    -0.043470187317640976,
    0.03937326119946647,
    0.09200753702016584,
    -0.011863245631965882,
    0.032307811222307005,
    -0.04273824589461453,
    0.03723293265791325,
    -0.07107224497685777,
    -0.024734520616163533,
    -0.0615606041497047,
    0.024248292278827174,
    0.0050608559850212455,
    0.011787453856507188,
    0.06828964646170653,
    -0.09104941829757551,
    0.0489400382014282,
    -0.11216156198993045,
    0.05436601208601445,
    -0.10000724338703816,
    -0.23162277601547618,
    0.14449940516661564,
    -0.10066816184784387,
    0.028034037946115836,
    0.08298589214587963,
    -0.07032929210980923,
    -0.008352153062556005,
    -0.017412358637235923,
    -0.03525605937173711,
    0.01508384541180781,
    -0.004351791539540787,
    0.023421487719002126,
    0.005775650597611167,
    -0.06508916864083121,
    -0.0466557210803286,
    0.059731592196461666,
    -0.026873535341660388,
    -7.122153785444532e-05,
    0.1410904699946343,
    0.06604664620169154,
    0.033133722949920716,
    -0.040891224387212335,
    0.05969941056142647,
    -0.05086234101171339,
    0.10322592328046427,
    0.09053116233769477,
    -0.041118782339389676,
    0.09123771247231323,
    0.01056248473980827,
    0.035873769307445846,
    0.01684594799440448,
    -0.06806860265011114,
    0.028123662848607952,
    0.0099614190757106,
    0.03892749207132043,
    -0.08706301518591346,
    0.09122814148667736,
    0.03978534692030263,
    0.1273109992333473,
    0.002757399255111888,
    0.10737420275974247,
    -0.0270171467345001,
    0.002691748502129459,
    -0.008103822604503805,
    0.03436453843063778,
    0.013896574454889666,
    0.07252001165826595,
    -0.07685091976199374,
    -0.04107741320284011,
    0.06664185303361478,
    0.023429656060592413,
    0.011325958754585974,
    -0.018152382075915657,
    0.028883314631564357,
    0.030048111860849984,
    -0.09069307089472169,
    0.01963877678363772,
    -0.010694851670855222,
    0.04160451193422503,
    -0.02710354901213302,
    -0.0629574391605595,
    -0.068358303199944,
    -0.08109418341006691,
    0.040105648372936696,
    0.014860718978068125,
    0.0047688534653128065,
    0.13915600529469963,
    -0.09189185402590241,
    -0.046146306011975724,
    0.07035287152140766,
    -0.08138136460829996,
    0.04265657688462804,
    0.05854408278558696,
    -0.03790366370195001,
    0.030532799795516652,
    -0.04452077341904762,
    0.0814049326038129,
    -0.034683299045712504,
    0.000578715256845411,
    -0.05973058511958895,
    0.007884756384709504,
    0.06516438796094844,
    0.00015901040317032968,
    -0.038106074141750726,
    0.025997241728975447,
    0.009060241744148217,
    0.03375912949039959,
    0.03916367010540061,
    -0.03662945081682789,
    -0.02348666693294207,
    0.030442024169907055,
    0.003684080986494207,
    -0.06790664635622153,
    0.036041751291508745,
    -0.024797896970699056,
    0.0352897756828331,
    -0.011198720559987383,
    -0.0024678468173175514,
    -0.028238412483356158,
    0.09025044531220745,
    -0.07237633164074314,
    -0.005900660501000733,
    -0.03384771796658832,
    0.04288316818630839,
    -0.04519705280207445,
    -0.040733888380672226,
    -0.005298570045048815,
    0.0029132271410199505,
    0.054572742312849136,
    0.03216946424010534,
    -0.07474341195686023,
    0.04529638157407578,
    0.07370245626235417,
    0.10848648601031609,
    -0.14164703553859614,
    0.0427565388046114,
    0.008270459208493593,
    0.02707446316406815,
    -0.009249685546444033,
    0.028512437499454864,
    -0.08652505030886284,
    0.06842077909381039,
    -0.03823725387883216,
    0.04860829377912649,
    -0.11759536980675168,
    -0.0537653311487342,
    0.02997119586800583,
    -0.20956699122569222,
    -0.010916278924809203,
    -0.0128759222729343,
    -0.03661200167841354,
    -0.020934431047465923,
    -0.07628401502316559,
    0.00011626989753986683,
    0.020176333081404717,
    0.0017883752205059198,
    -0.009860984137976564,
    -0.05645364350369284,
    0.08486002274264189,
    0.0790496140476936,
    -0.0037202228792422884,
    0.04108495544606487,
    -0.04775869493691238,
    0.09287254002286577,
    -0.07432569672715438,
    -0.06728188513452285,
    0.07455469269246534,
    0.04796437580936968,
    -0.030189409542227888,
    -0.009687114702808525,
    -0.0169761645931735,
    -0.011162319961444806,
    0.011349519795437444,
    0.04849001222864712,
    -0.05023475060655324
  ],
  "modality_contributions": {
    "spectral": 0.4,
    "imu": 0.21,
    "audio": 0.24
  },
  "quality_score": 0.8000000000000002
}