{
  "episode_id": "ent_power_grid_harmonic_v03",
  "dim": 256,
  "vector": [
    -0.06500021427040951,
    0.05924557879074128,
    0.049241034307208977,
    0.12251884765272932,
    -0.03430614603003279,
    0.09627872967675165,
    0.044058308223730205,
    0.024679125758651457,
    0.1305703121364001,
    0.0009776179414574923,
    -0.032106286516861315,
    0.0358576074175577,
    -0.001918681165227212,
    0.026784588358860946,
    -0.051271220142597336,
    0.03440063877916919,
    -0.060350448687693396,
    0.013351458760446673,
    -0.029772874302856307,
    0.0003900130749900452,
    0.03451052091046288,
    -0.022992605756327902,
    -0.12108495131729737,
    0.009055778544086512,
    0.09057709969268672,
    -0.036233787353381876,
    -0.009583872311517892,
    -0.011505124907038014,
    0.0012642830173626614,
    -0.15307219216963397,
    -0.019745110077481576,
    -0.07088974545631829,
    -0.01602968930492161,
    0.08741581356981473,
    0.18732367445151096,
    -0.09468715117772956,
    -0.0666917180326297,
    -0.004650377970363187,
    -0.07601309166143021,
    -0.017339189483893888,
    -0.027338521981650054,
    0.05930844815582385,
    0.014108924871724474,
    -0.10711469290803514,
    -0.09375563309230789,
    0.06381952561096224,
    -0.03574206242880436,
    -0.004866295894006716,
    -0.04928348128489007,
    -0.03484012834931408,
    -0.04428271253230593,
    0.0018679752085667685,
    -0.009742951059690776,
    0.05631647706185283,
    0.07583456564165675,
    0.024360312241437726,
    0.048448131470755676,
    -0.03538090670523113,
    -0.0005941066385746058,
    -0.01616133050593784,
    0.07782101751353376,
    -0.05028838479474264,
    0.04674064654244862,
    -0.07411125427095315,
    -0.029619783659052733,
    -0.04959099413951395,
    0.04325198943406377,
    -0.060376437904647536,
    0.035070028425838305,
    0.02506163891441495,
    -0.06301692509670533,
    -0.002865032053690674,
    -0.01873801357458664,
    -0.0005211962425098972,
    0.053505845274759885,
    -0.16827427486291296,
    0.020343318214126566,
    0.018303686734739675,
    -0.0012870759596954227,
    0.15983687364760357,
    0.0717652098533926,
    -0.07426998617951075,
    0.04905962148269752,
    0.023024051264605074,
    0.08107700751851554,
    0.010065238923833698,
    0.03817251269103059,
    0.05126079600978238,
    -0.036794055926894165,
    -0.005780584926361894,
    -0.06414487181860343,
    -0.016923653447759052,
    0.007578927165892457,
    0.06417795976729566,
    0.02791132516017906,
    -0.0404687517259231,
    0.015101324833874684,
    -0.024383867687206746,
    -0.03777474629683099,
    0.07830571401932253,
    -0.01563608256272129,
    0.0374966023070314,
    -0.06798871228728362,
    -0.006597324488139292,
    0.002095262129720029,
    0.01317357245874438,
    0.08607545267172036,
    -0.01651182745403282,
    0.0621838748225771,
    -0.04875208392468319,
    -0.12528576408722883,
    0.00619148072999912,
    -0.08154778029247406,
    0.002655375496948578,
    0.02618965527769946,
    -0.045404060442668544,
    -0.1684778405912767,
    0.06834914426058816,
    0.014905639157328452,
    -0.022040887289332192,
    -0.06320483673414015,
    -0.07543485388565672,
    0.014688702817299308,
    0.07997823359628456,
    0.18265804362515559,
    -0.02944362873396324,
    -0.01691361349932204,
    0.0612962480088595,
    0.05507832786090784,
    0.025497587525982163,
    -0.09064054302954684,
    -0.04756902822974138,
    -0.03271854102976254,
    -0.009027067698264436,
    0.024857465395946386,
    0.06579538169797351,
    -0.10287618118160735,
    -0.041707930118690936,
    -0.0069860097629604444,
    0.02267654439824925,
    -0.04927678278286638,
    -0.06863952603344212,
    -0.020692779606752556,
    -0.06844735615832055,
    -0.06341330775088364,
    0.004425811874445796,
    -0.0787473118075536,
    0.12837657596327814,
    -0.06687419023581102,
    0.039080989910298805,
    0.07009560302022984,
    0.006736418989695694,
    -0.04241015918548485,
    -0.01558031220138913,
    -0.013106070039127208,
    0.0595622748174968,
    0.07097876868866536,
    -0.15416696857378936,
    -0.037262893372175566,
    -0.07136046656247787,
    -0.030922692137621142,
    -0.0010861775739556749,
    -0.05312395149210689,
    -0.08317635508333475,
    -0.02590792381883576,
    0.07418151139847624,
    -0.08241790556141751,
    0.08108249780557686,
    0.07308246102069357,
    -0.041365761970557934,
    0.07676736455597051,
    0.08593617010886614,
    -0.15171024046016407,
    0.03953995162188209,
    0.0016127114339737003,
    -0.031854474543160906,
    -0.009301916104404857,
    0.019805232245708633,
    0.1181297915746994,
    -0.039301449738047556,
    -0.1247974823704688,
    0.002593746107762894,
    0.04183499106227643,
    0.038509787159902394,
    -0.002630267185446536,
    -0.044743683259878764,
    0.05099904697608422,
    -0.010183132407510266,
    0.06803694757561558,
    -0.06385584304355518,
    0.02545684141556848,
    0.13336457517042127,
    0.02612229317240187,
    -0.04003927806915539,
    0.08780183387805908,
    0.06235564922181268,
    0.09113073314594293,
    -0.03948754660713809,
    0.03681003903293345,
    -0.07807773414502438,
    -0.0010653420476993021,
    0.03664665353628945,
    -0.06403805791465084,
    0.06277241362936942,
    -0.047434343166005956,
    -0.0407192338693394,
    -0.05776305168371304,
    -0.017153463779490015,
    0.023966782961240437,
    0.0016917388956964319,
    -0.18214243393742743,
    -0.10429544235319273,
    -0.09734557066085303,
    -0.062090872264609395,
    -0.045056990437412923,
    0.11196842905719631,
    -0.0342155471195526,
    -0.0034536170898968876,
    0.061983792045391575,
    0.014876616132538588,
    -0.030158812412281022,
    0.06837443974957608,
    0.06912490779585648,
    -0.014102311772753028,
    -0.01542626995610962,
    0.02920943872599695,
    -0.051916436942335616,
    0.03215452224766122,
    0.12836749713953532,
    0.041016269399358214,
    -0.013116828698300066,
    -0.05093200242389271,
    -0.11135116767404211,
    -0.026264746893077555,
    -0.04071375193004407,
    0.10397597602349645,
    -0.00812873533183641,
    0.04312576156760765,
    0.027455248805879993,
    -0.003007537437697913,
    -0.03172199612898803,
    -0.022506827178163203,
    0.040638920990406495,
    0.048448277413533636,
    0.06296317315605439,
    -0.004182300678712945,
    -0.033245698676156926,
    -0.12279730292022956,
    -0.05317078976675671,
    0.0010637968640155285,
    0.04019907200030875,
    -1.9246067580609178e-05,
    -0.03310251563105371,
    0.008170231295609197,
    -0.050030360989656096,
    0.08665330778389313
  ],
  "modality_contributions": {
    "spectral": 0.4,
    "imu": 0.21,
    "audio": 0.24
  },
  "quality_score": 0.8000000000000002
}