{
  "episode_id": "ent_hospital_eeg_v00",
  "dim": 256,
  "vector": [
    0.06339154923390973,
    -0.027418276877309387,
    -0.01853598282892324,
    0.00567063383513266,
    -0.09386829954612748,
    0.050550784732681896,
    0.06784754077594272,
    0.018247678539625167,
    0.10039292064269138,
    0.030551674001978345,
    -0.13030209808480214,
    0.00801141917893366,
    -0.04650960276869055,
    0.0444073788664831,
    -0.014458609059923693,
    -0.11729983916945122,
    0.04272451295065373,
    -0.0958500047603841,
    0.026338712623242243,
    -0.11930715106356699,
    0.04990339880005271,
    0.002845316973787765,
    0.05248538744258816,
    0.006240636897662546,
    -0.009615938468798785,
    -0.019341811835176505,
    0.0011804987611506057,
    0.017260210245608257,
    -0.03832622028695453,
    0.013250608490805652,
    -0.0709026237606796,
    -0.010081538697916816,
    -0.0034695851989414127,
    -0.023422058632239662,
    0.024589768462218976,
    0.013001195085153315,
    0.08913354587571853,
    -0.03565827521962948,
    -0.03745376590430539,
    0.09798273939065393,
    -0.02391972315400373,
    0.02966091188540557,
    0.052279466559812304,
    0.016845364091665708,
    -0.003960938113179174,
    -0.1315135820333894,
    -0.11378376129959304,
    0.06557430843357848,
    -0.021419122686414126,
    -0.005526552815865207,
    0.02993894497964818,
    -0.014069105075666496,
    -0.02557123427461415,
    -0.10459316506624047,
    0.07022836690619022,
    -0.07031791473150543,
    -0.05744793407314528,
    -0.053480618860407295,
    0.15955816315534374,
    0.04915217663329492,
    0.026506871554884265,
    -0.025358601398670667,
    0.023651529124899328,
    -0.005025965920283789,
    -0.0029020570718583934,
    -0.05412699228839232,
    0.08896505991883646,
    -0.00953714869306135,
    -0.01682892754605172,
    0.10697494649931061,
    -0.0034834627850281945,
    0.004333354781141458,
    0.019601744133683475,
    -0.013616725860423111,
    -0.05630187071652393,
    0.0325370066713051,
    -0.09675328625156544,
    -0.016827966108525053,
    -0.09028583569395825,
    0.04709813697950668,
    0.09908332374942905,
    -0.057123409580438086,
    -0.05407114016693074,
    -0.04929098066392416,
    0.045926161703920346,
    -0.057790504548078984,
    0.05946795908164671,
    0.05174476166933942,
    -0.05780737421394519,
    0.04262014373871183,
    0.08504032038947261,
    -0.03744540398128533,
    0.1465811614799098,
    -0.0044785623698641785,
    0.08750310563941685,
    0.08670061171958936,
    0.013235647397185742,
    0.0649805120115293,
    -0.13240322472943486,
    -0.0025762579482430923,
    -0.07340808911758027,
    -0.05333599718728064,
    0.047563056635466186,
    -0.05909357252106541,
    0.05748656689230657,
    -0.04612550567424012,
    0.11782434613900837,
    0.0026816364021796917,
    0.04438835529428849,
    0.09629051177473741,
    -0.018852153765550196,
    -0.06029185437151999,
    0.02775955327392888,
    -0.034126042761882025,
    0.02130312365002687,
    -0.01295021318798148,
    -0.003808908132665994,
    0.0051661185289299544,
    -0.047528277666645885,
    0.12331867462205953,
    0.1264265934704547,
    -0.01499693651565054,
    -0.051997088433218444,
    -0.031717622110491235,
    0.0616126756502746,
    -0.0961354247188739,
    -0.002278539938773978,
    0.05227755402417226,
    -0.06879924504691401,
    0.10813895176171884,
    -0.11926174744974374,
    0.10075941517867641,
    -0.07903983648510769,
    -0.035536162602812185,
    0.03615859638272523,
    -0.04001604083302973,
    -0.023205288189684387,
    0.05127356813956253,
    0.03008399074067193,
    0.06610474349817329,
    -0.045543864557942994,
    0.0587697823039525,
    -0.06306149255707989,
    -0.016528339114959118,
    -0.05922735920406167,
    -0.01092547307032624,
    -0.006940064178432475,
    0.019436153420133294,
    -0.07619663082624516,
    0.02647069111977709,
    -0.09427440509597192,
    -0.045083205429819,
    -0.07579655111120223,
    0.0007624801987321168,
    0.04151107166582553,
    0.02674261300880826,
    0.036729488568117086,
    -0.1583844464325105,
    0.11196612028455896,
    -0.0755543513849679,
    -0.054028203083070624,
    0.02716354145541503,
    0.007328528357621874,
    -0.034578331628894864,
    -0.07823568626495435,
    0.08562181846439346,
    0.03117144266491367,
    0.05477223906568662,
    0.03066077203600594,
    0.0520090890039541,
    0.0029671388600990877,
    -0.05004305455375394,
    0.02367615633665512,
    0.0019453753625981389,
    0.06706297658334556,
    0.0050373834342367085,
    0.031078251163013777,
    0.14927500844665856,
    -0.038201863610943756,
    0.03788048583428747,
    -0.05152827854798363,
    0.06371621661201718,
    -0.07285899582545811,
    0.06001686370277073,
    -0.019159309974745964,
    -0.05082592423426453,
    0.03280244716229722,
    -0.10516390481720359,
    0.011122526723321834,
    -0.06771546011340646,
    -0.012310214147793923,
    -0.08987398006305797,
    -0.13362460167127427,
    -0.06232585971875608,
    -0.025277899399404235,
    0.10520689887649119,
    -0.022473275613311795,
    -0.02358748697342533,
    0.1029575449391051,
    -0.03744478162495967,
    0.07778685077137726,
    -0.0838029504778461,
    -0.03298920075010173,
    -0.0663651704789314,
    0.09703959830188821,
    -0.06335578614424962,
    0.019849595353253452,
    -0.061652898201076695,
    -0.08945752226084358,
    -0.006149611620845167,
    0.00390727198268548,
    -0.062120392603756104,
    0.025549447742198455,
    0.12007175164709469,
    0.011268310967398786,
    0.06146277436612275,
    0.09654454115496207,
    -0.0059398705154009935,
    0.06588666349566888,
    -0.01460208526223333,
    -0.06197697946528945,
    -0.10395923468598517,
    0.03901468170805207,
    0.03924938401343729,
    0.0593041662936718,
    -0.02923632078227587,
    0.016756807659950763,
    -0.08220859103549094,
    -0.037601084855166174,
    0.012862602340150697,
    0.08525307010928589,
    -0.06468157798290926,
    -0.02887913013798414,
    -0.039416609258477224,
    -0.13269993962355908,
    -0.03315309080958307,
    0.0280464293550052,
    0.07704710039590204,
    0.05123258891740375,
    0.04426418250727657,
    0.05795498944174531,
    -0.15094305192783825,
    0.07741958871664253,
    -0.01449410550313682,
    0.03266402819015737,
    0.01160579413570801,
    0.005956359002339429,
    -0.010966936780345797,
    -0.062040358948646596,
    -0.039509518342945464,
    0.02399640852427873,
    -0.12506494827141693,
    -0.008641574348138052,
    0.060191929006453995,
    -0.10274369099954622,
    -0.03005758048059278
  ],
  "modality_contributions": {
    "spectral": 0.4,
    "imu": 0.21,
    "audio": 0.24
  },
  "quality_score": 0.8000000000000002
}