{
  "episode_id": "mil_gps_spoof_isr_v01",
  "dim": 256,
  "vector": [
    -0.025546735100434155,
    -0.04008335501155122,
    0.028566702929871735,
    -0.03129795462418775,
    -0.04931359467961527,
    0.07227580102668817,
    -0.03080266385306899,
    0.007940282123389769,
    -0.08907850631889133,
    0.018612380420083088,
    0.060032764077788445,
    0.03694179281938839,
    0.07907099832188162,
    0.012963679696414727,
    -0.10413297026029224,
    -0.05645731057520338,
    0.038880188298028834,
    -0.059574738546914856,
    -0.02530461072153787,
    -0.06284128356083206,
    0.0053446128064444124,
    -0.07046884565339247,
    -0.14159874103293865,
    0.034356824266850244,
    -0.058570935225908664,
    0.054137724639086955,
    0.06110581027606239,
    0.016951789812314974,
    -0.057783341656487075,
    0.031800808657033004,
    0.10762742029388109,
    0.004967387342297746,
    0.0010612110815039775,
    0.045283636113166534,
    -0.10554767149269173,
    0.0283167870508819,
    -0.04770208835200135,
    -0.016701537493167263,
    0.04296917865397643,
    0.03334379956993025,
    0.050362409062853594,
    -0.008792670982307736,
    -0.05311267538116827,
    0.07499012134001176,
    -0.03001454334353628,
    0.011925660469806988,
    0.017487803269279727,
    0.08839169778965396,
    0.06315578119294146,
    0.04098094985948475,
    0.033749881862664796,
    0.10596952479892095,
    0.04779701965686522,
    -0.025505085574394782,
    -0.03466078266489581,
    0.04757060226303006,
    0.06212629133555736,
    -0.04638890236243009,
    0.0100174232739166,
    0.051668659734633623,
    0.013794912524411234,
    0.06882830966014944,
    0.06118784659920339,
    -0.02947268904166313,
    -0.17062250505587606,
    0.0014204681968098298,
    0.03614511574040811,
    0.04047960303304256,
    0.07612934598468601,
    -0.08164416606903967,
    0.06668207019453533,
    -0.04500534767133528,
    -0.1372681806250254,
    -0.0345574197059933,
    -0.05475246115109689,
    -0.0017360223602809668,
    -0.05375551103036131,
    0.01829504432562628,
    -0.08190427319751918,
    0.0609115385685426,
    0.04732752806655913,
    -0.01329998307020282,
    -0.026137520929951922,
    -0.06927963613774092,
    -0.015724599112436,
    -0.04178139869674357,
    0.07108869939910996,
    -0.036303425020500275,
    -0.09692895482381293,
    -0.1074821182214912,
    0.03428728760542214,
    -0.07818395703160844,
    -0.10440793111978199,
    0.022839204435136616,
    0.013877624944662848,
    -0.09156366453382198,
    -0.08320485899223184,
    0.04766421923627306,
    0.004121608777174189,
    0.19544168756942445,
    -0.0355253711311287,
    -0.08083182177024775,
    0.042679118791942736,
    -0.022031645229826646,
    -0.016936649820865696,
    -0.01639546085362941,
    0.09682315543250782,
    0.004125485080533707,
    -0.028778592869533295,
    0.02881289230616341,
    0.06293047952458265,
    0.06612914237393121,
    0.021436370272516044,
    -0.05786940515803011,
    0.11625392244907505,
    0.0701013118679746,
    -0.01489834373108941,
    0.028185837749188182,
    0.040538592635717755,
    0.05346677962378917,
    0.07837151867980663,
    0.006656652570029589,
    -0.06933422844319663,
    -0.030482020800342714,
    0.003285534574083346,
    0.03271663481806129,
    -0.042286326740015284,
    0.000559426027461588,
    0.07312048607978748,
    0.02735842611211707,
    -0.06382598096474515,
    -0.015901834817553983,
    -0.01742036508962794,
    0.10314006140113806,
    0.02113228823979635,
    -0.039224161265715624,
    0.048536494407080806,
    0.012722599584103858,
    -0.03275521952502816,
    -0.015848065109815467,
    0.05632066796821168,
    -0.02127614644150152,
    0.028012913679521894,
    -0.054737163545494176,
    0.024811792277122803,
    -0.07012104080629261,
    -0.08885401839103783,
    -0.04618107668039957,
    0.07078952916959291,
    0.04550292806519298,
    0.1058879082875254,
    0.03044197197293925,
    0.06580905083228242,
    -0.03980002102777568,
    0.06238228567091026,
    0.024016338510340726,
    0.03703707490062876,
    -0.09526285763193792,
    0.14037237355770132,
    -0.10178897248641303,
    -0.016198094995394346,
    0.08580061476421874,
    -0.04182487455166992,
    0.002686591706719977,
    -0.063753290105672,
    0.02513758923498122,
    -0.031230449628995183,
    0.017077383807797265,
    0.030430595688252866,
    0.04776418858868582,
    -0.03607363724345699,
    -0.08127624103329402,
    0.0006181477606331763,
    0.11837736589534309,
    -0.07922598269075319,
    0.035463001074914874,
    -0.07581227472763442,
    -0.021152931169359457,
    0.06863630454219462,
    0.02962372477319224,
    -0.10393372828242238,
    -0.014289353089403151,
    -0.03616509428121724,
    0.08743377400837639,
    0.09774467690741563,
    -0.0023768211412277555,
    -0.058113864251847086,
    0.1267907965073098,
    0.057969447403904556,
    0.014390323762269792,
    0.040984270018216966,
    -0.014001708217395162,
    -0.015374392383556644,
    -0.028331021416078454,
    0.021311917272078384,
    0.12775385956814098,
    -0.029921107658183427,
    -0.015986351555066503,
    0.014493844986644053,
    0.03549012491095864,
    0.07529687553380353,
    -0.1118175593585441,
    -0.08465292555225466,
    0.04805951888905076,
    0.053501239575500334,
    0.051543724611580986,
    -0.03002424286435064,
    -0.06893365409247734,
    -0.0130898761614105,
    0.06486634590021849,
    0.062068789693798386,
    -0.004531919806440111,
    0.04090594188263713,
    0.04132526051798401,
    -0.05385979488587545,
    -0.05327096522622244,
    0.056869101364257914,
    -0.12810877358014086,
    -0.020294240950152424,
    0.06379724183968802,
    -0.09205600668802014,
    0.048759213879364535,
    0.007961824066796606,
    -0.03944208540599038,
    -0.03691949030659094,
    0.12795563505916221,
    -0.13053716116773834,
    0.09185044956069166,
    -0.04098374378290896,
    0.07462275507789952,
    -0.02819456484688616,
    -0.039657024489299426,
    -0.013301512718369577,
    0.040773953046168813,
    -0.07898972562032686,
    -0.04311499193247163,
    0.07789169777196134,
    0.07060297688867861,
    -0.04789226034054228,
    0.03473558839549889,
    0.020486872261467386,
    -0.08488593298240277,
    -0.0988394598346417,
    0.05121011765345293,
    -0.09583304063084157,
    -0.03485965867824917,
    -0.09875385327424782,
    -0.0134738030551634,
    0.0025756123384613047,
    -0.12191683840989484,
    -0.02950399051386015,
    -0.11514738553859852,
    -0.1883694550425854,
    0.03307479028132913,
    -0.07586382538473603,
    0.00023460656197179906
  ],
  "modality_contributions": {
    "spectral": 0.4,
    "imu": 0.21,
    "audio": 0.24
  },
  "quality_score": 0.8000000000000002
}