{
  "episode_id": "mil_orbital_backbone_failover_v01",
  "dim": 256,
  "vector": [
    -0.007058634995417023,
    0.03346223812923029,
    0.09675158241291378,
    -0.06356818807677508,
    0.02061841461413536,
    0.027892333267568972,
    -0.017228719048997518,
    -0.06487320025139344,
    -0.06913104285631089,
    0.04586727315914706,
    0.05461332259268309,
    0.032300483383559585,
    0.07596271108375156,
    -0.0772194206963657,
    0.012095128199277667,
    0.043501355878638445,
    -0.01906435575436378,
    0.025989454337889323,
    -0.02475427045988921,
    0.02482640349629543,
    0.001329392211162172,
    -0.010202829736859619,
    0.12405617774486286,
    0.01849935798687462,
    -0.05738271002590981,
    -0.07521654991237257,
    0.050249159398811236,
    -0.01095598336554624,
    -0.027786445239637057,
    -0.00037591665109687136,
    -0.00832457322369511,
    -0.039475787699991285,
    -0.09101780490442692,
    0.015660089169138226,
    -0.09002724839417503,
    0.015098712814088406,
    -0.040637643404720744,
    -0.02520737430983677,
    0.09451663246926152,
    -0.09177063053756106,
    0.01312633399844206,
    0.09437226736672712,
    -0.011379516754555532,
    -0.18149789206255215,
    0.009670448982398192,
    0.06077505851697458,
    0.07587290597583658,
    0.038773916181772485,
    -0.008854310967463176,
    0.006118031528977586,
    -0.12444823622646524,
    0.08549885219089626,
    0.019194367542107262,
    -0.0015574647075434036,
    -0.07530532875228772,
    -0.006625662196150034,
    0.0048070026769032395,
    -0.07350832247907073,
    0.018242398636441438,
    0.06468522840758538,
    0.007826829409516399,
    0.06574725802286321,
    -0.0008803461674427545,
    0.056993912510979315,
    -0.11628438931220247,
    -0.07917153491941512,
    0.0017579122692830715,
    -0.04568166572465841,
    -0.00533574355081514,
    0.035533498321342304,
    -0.016377854757459048,
    -0.005206372853878852,
    0.10577123473883994,
    -0.015711606190647598,
    -0.05082272677770467,
    -0.06517793593036818,
    0.06424698125306955,
    -0.06124560538209027,
    -0.015770454623767832,
    0.08561485293543517,
    -0.010090458009212837,
    0.04711215106312563,
    -0.01748317238243523,
    -0.018226313474683915,
    -0.014367161520701615,
    -0.043751266577834416,
    -0.017539982225708493,
    0.05152806248013731,
    0.06680622214348578,
    0.06074798172301075,
    -0.0845803643565734,
    0.015154260908163592,
    0.018268308213853418,
    -0.09311079203208567,
    0.03365983914186454,
    0.047439523367353666,
    -0.03069975452277914,
    0.046895385905667004,
    -0.02644740148216014,
    -0.08305994646105921,
    -0.05927296605898597,
    -0.02092685319351908,
    0.0646399148423971,
    0.06152836119983561,
    -0.10585167218678354,
    0.016124823363414025,
    0.023789433996052357,
    0.042175132859609964,
    -0.13355744700759964,
    0.10154472958033042,
    0.016649281341827853,
    -0.0954942870189147,
    -0.08772724343172705,
    0.018641207051181632,
    0.0398620068106134,
    -0.07164692780959987,
    -0.08416789214402053,
    -0.002399447445732329,
    0.06839321726213232,
    -0.12403922577003255,
    -0.03665239780031274,
    0.0706069099324634,
    0.17952114409841408,
    0.1255473892942977,
    -0.011792870507237832,
    0.09677875616315176,
    0.03153852368830314,
    0.0725193476450608,
    0.06681208110338092,
    -0.002626334197756338,
    0.0650974504951781,
    0.019821480857463006,
    -0.06245202391817632,
    -0.015087008416720515,
    0.0670481748789956,
    0.0795586994157513,
    -0.12710205231200064,
    -0.10953578662198907,
    -0.01743049997850864,
    0.1335923803832603,
    -0.037976181379962504,
    -0.0066862274347000705,
    -0.06331803077221528,
    -0.01907128105332229,
    -0.09428263445769829,
    -0.09011496417614712,
    -0.07431042194212259,
    0.0806952310780964,
    -0.06582122775495282,
    0.09040028474101934,
    0.08778856774983376,
    0.08567732250351834,
    -0.026689845426297702,
    0.07463673227820077,
    -0.03521797816557534,
    -0.0737356038715258,
    0.11623818358724679,
    0.012066175510481848,
    0.060644098708204565,
    0.027020013026249998,
    -0.0040611810410478375,
    -0.013125150930962117,
    -0.0006543233579941679,
    0.0019876486638770656,
    0.03942578179505891,
    -0.01394188356914423,
    -0.029921937318277733,
    -0.11258678905751933,
    0.016068517636474905,
    -0.029139971448703065,
    0.01967773094528321,
    0.058672996318583685,
    -0.008668011012411407,
    0.05237303120952608,
    0.012174089598904519,
    0.06652721201142373,
    -0.05001931484307428,
    -0.03770858591798501,
    -0.007987525004927276,
    0.096308519302779,
    0.07278427618384292,
    0.03136022496408981,
    -0.025559495570343843,
    -0.06696897305246946,
    -0.003831136945078895,
    -0.044293043454126615,
    0.037141770551987266,
    -0.013763786057379972,
    0.0858766009643025,
    0.011837944497033438,
    0.09008534053423119,
    -0.01964598818436387,
    0.02508401594543223,
    0.010204924909580413,
    -0.010137807487331505,
    -0.10997207476902507,
    -0.021833346425624366,
    -0.05972648197799813,
    0.015946274511217644,
    -0.06124036641140981,
    0.000786906200150174,
    0.007824351945967197,
    -0.039185788509807105,
    0.05779769784671412,
    -0.11395716138931647,
    -0.004885697087643556,
    -0.0142302769310865,
    0.08286149622083289,
    -0.02609061835649627,
    0.09013271692196025,
    0.10819012535490269,
    -0.010989323750717558,
    0.028629802666434775,
    0.03829049591541707,
    0.0675367498160316,
    -0.016537706150154177,
    0.014833297479155983,
    0.04659230887634572,
    0.10007372880795339,
    0.08209829009442782,
    0.10009708670197581,
    0.029857847784755465,
    -0.003282441799605471,
    0.1368599573531934,
    0.011478814173829581,
    0.10867372638212104,
    0.05503900365591158,
    0.12673194302376775,
    -0.04898940537457016,
    -0.045064234662908556,
    0.0246658992066979,
    0.04806115609130926,
    0.108837701538552,
    -0.01127452880610434,
    0.03042160041040321,
    -0.04273021942176152,
    -0.01837345868277578,
    -0.04604881781822785,
    -0.006131903689450714,
    0.006107312496066253,
    0.04570403653875927,
    -0.010092655944080566,
    0.11814588655284361,
    0.0342545314975533,
    0.09158479415309552,
    0.13336469766870335,
    0.06434584406459018,
    0.010201821793284046,
    0.010908133699326686,
    -0.18983815543626345,
    0.0420434029574322,
    -0.004534522245942054,
    0.02913999046412776,
    0.0686199212156138,
    -0.031209077281617505,
    -0.03426061423248607
  ],
  "modality_contributions": {
    "spectral": 0.4,
    "imu": 0.21,
    "audio": 0.18
  },
  "quality_score": 0.7333333333333334
}