{
  "episode_id": "mil_ew_contested_jam_v01",
  "dim": 256,
  "vector": [
    0.048871461611795924,
    -0.07677299429973108,
    0.0898188877812081,
    0.047454958830403716,
    -0.09567140097974007,
    -0.014764586746158246,
    -0.06522312633326353,
    -0.05861988975936914,
    0.07208474309096137,
    -0.04592364769637275,
    -0.0013918281199750693,
    -0.021498802150743367,
    0.00798708237470177,
    0.21669197691989614,
    0.0775487016038528,
    0.12423401697400813,
    0.04343794832961884,
    0.10487386929509436,
    -0.055346566485831875,
    0.07395806981346055,
    0.12118717392192459,
    0.06208092750094521,
    -0.06856461257751552,
    0.000776287866440923,
    0.012232188413294761,
    -0.0071168422797567125,
    -0.018160973328443335,
    0.01328378112555823,
    0.0830797845868655,
    -0.09440133545026372,
    -0.04941286854776696,
    -0.00769208712783172,
    0.043478365221646866,
    0.05671928216514451,
    0.022096820295884074,
    0.027465638650278214,
    0.032800363578824286,
    0.023243161585597017,
    0.06160136698051777,
    -0.0019386628450299048,
    0.05058990218116005,
    0.01411213372612392,
    -0.030603941136268104,
    -0.06679835443237227,
    0.07976547104209289,
    -0.04046208829947417,
    -0.03392017337938291,
    0.05077809472602986,
    -0.031045903877550025,
    0.020684779511560527,
    -0.0700931197027543,
    -0.0022864967177960004,
    -0.014357289019996578,
    -0.1091097269081922,
    0.02020714410653406,
    -0.08350399745308447,
    0.14035433964815408,
    -0.07913492523814375,
    0.0601923143560099,
    0.006854425102555399,
    -0.030147825833973144,
    0.08133602297603652,
    -0.04738917872661882,
    0.0823225238502413,
    -0.05598492602866303,
    -0.05043615134653101,
    0.023321160770802797,
    0.0052343227438964,
    -0.014835454991405265,
    0.05358741472147487,
    0.0601971017668766,
    -0.026056168347565283,
    0.12547929049534184,
    0.009857707038089917,
    -0.013072664183653031,
    -0.03558189881632935,
    -0.014322850059078438,
    0.15628688451476086,
    0.06446914427288296,
    0.08796948537284154,
    0.08781022124948992,
    0.0526255794657742,
    0.006020187147760944,
    0.0009964900712270894,
    0.041883293196545206,
    -0.0728931794646144,
    0.05838889057773804,
    -0.033493608218186637,
    -0.06001723691050359,
    0.0373160580626945,
    -0.09955033639096776,
    -0.04671016547401584,
    0.09345832947232609,
    0.015865115049139525,
    0.06255929031604117,
    -0.07632951974344387,
    0.04143438583440582,
    -0.017928959590304813,
    -0.020991094732182164,
    0.0832421579735418,
    -0.12987894638272007,
    -0.05011945743699418,
    -0.06437657387486989,
    0.07791022558963051,
    0.031311337333382344,
    0.00048729212950394577,
    0.051944325131529516,
    -0.013036756804186563,
    0.014257772182052592,
    0.0012848635421135594,
    -0.10561840538504456,
    -0.02082185502280838,
    -0.002977704830694053,
    -0.04212592806942735,
    0.012834832280053462,
    0.05588051476329413,
    -0.03356278932466117,
    -0.003181102043644304,
    -0.01991969452526188,
    -0.1067485073893901,
    0.013008218103998066,
    0.06763593672659012,
    0.07030716000464195,
    -0.016187976863610697,
    -0.02551798488897101,
    -0.0782928406233597,
    0.11713925968526315,
    0.004390131598256435,
    0.020321120993117083,
    0.014948731595515302,
    0.04854543235981655,
    0.07184966346119377,
    -0.07699856009667913,
    0.0029616510855539468,
    -0.06959198266987016,
    -0.006865316443547298,
    -0.015203136847790854,
    -0.024391504576688865,
    0.014267712320278856,
    0.01785291994338816,
    -0.0811948069649708,
    -0.09852270042922542,
    -0.020089707119456398,
    0.028818035987916202,
    -0.10996471276001965,
    -0.037639227420778146,
    -0.005042527349326816,
    0.06276246850539988,
    0.02398360838650484,
    -0.10359330631919597,
    0.03790548655131047,
    -0.05628786755728535,
    -0.040136439341441954,
    0.06521615039120798,
    -0.024418872797768276,
    -0.009387220422184423,
    0.043213675530055944,
    0.0029374842943817084,
    0.0251837142242753,
    0.027345706542267815,
    -0.0018637772201589185,
    -0.08723787107919824,
    0.05913276094409386,
    -0.022116000176056947,
    -0.05413113418034655,
    0.03088881341208274,
    -0.017552956716751188,
    0.020582324166739933,
    -0.01789184535750741,
    -0.046889136875830614,
    -0.03287856435631587,
    -0.10329247243268705,
    0.05980953251493832,
    0.018552146465401674,
    0.04233320826600932,
    -0.048647480772974004,
    0.0022010858850859813,
    -0.039960950835737134,
    -0.10472063436750717,
    0.09495256648610689,
    -0.0839142149618353,
    -0.04992923403613574,
    0.08729215792135936,
    0.09061057990068379,
    0.0033014926289446443,
    -0.022756916753491726,
    0.044338651361237054,
    0.030138632055654393,
    -0.03721509951744398,
    -0.009369993484668911,
    0.0020383308809445327,
    -0.0357210272635401,
    0.014476533088811434,
    -0.08323011966958704,
    0.10161123188999073,
    -0.0440476855031125,
    -0.1480119591224921,
    -0.07828252680832833,
    -0.0407156306543586,
    -0.027025956167152927,
    0.0701635009015884,
    -0.0253522824028888,
    0.08858305948137175,
    -0.10750982153159573,
    -0.042421569438584786,
    0.005299552709645002,
    -0.10661557570141715,
    0.031990353991491166,
    -0.07837610282601556,
    -0.080937852530086,
    -0.06591300958679257,
    0.05891915873668644,
    0.032235171594181336,
    0.09412274491694561,
    -0.062414593680692854,
    0.003906664467584514,
    -0.0477816150937577,
    0.00905740561069159,
    0.07751338347106491,
    -0.006111342044450664,
    -0.07146277286173855,
    -0.13519057785165992,
    0.03425774019592888,
    0.03623465954576439,
    0.07248456290543993,
    -0.1067030151218396,
    -0.020864826190652448,
    -0.026924221623559372,
    -0.0382875353545824,
    0.0742555089887089,
    0.07936706788983706,
    -0.06549446733035788,
    0.04473174862231659,
    -0.03858610468310881,
    -0.04805413542517563,
    0.14639931599132286,
    0.07684073788555984,
    -0.022119825044278688,
    -0.020390763840617377,
    -0.013396911317965396,
    0.06228030442785639,
    0.005634934268373157,
    0.02041158764015029,
    -0.09335155900278627,
    0.08309133777310741,
    0.11854210576793411,
    -0.15554388722639514,
    -0.04363721553649872,
    -0.0081106028918156,
    0.01352654526728368,
    0.011592092598371262,
    -0.02137123597156281,
    -0.04733698774828883,
    0.08536733613606758,
    0.026520938730154,
    0.14558907449424272
  ],
  "modality_contributions": {
    "spectral": 0.4,
    "imu": 0.21,
    "audio": 0.18
  },
  "quality_score": 0.7333333333333334
}