{
  "episode_id": "mil_gps_spoof_isr_v00",
  "dim": 256,
  "vector": [
    -0.002464616436879223,
    0.1250098097504883,
    -0.04932292061229924,
    -0.0674848167106176,
    -0.012979572419377807,
    -0.02081818560313143,
    0.11435479606293043,
    0.06397834234163574,
    0.09268290547202379,
    0.0034578065453032087,
    0.01267988799213557,
    -0.00047696713215334324,
    0.12425276445687441,
    -0.023918589068595866,
    -0.0012738332073064503,
    0.033156027340625796,
    -0.007964773831351744,
    -0.16417745717860485,
    0.05706709865889014,
    0.036088613016438,
    0.10673865662642328,
    -0.008225975399629696,
    0.04453670130779828,
    -0.011974494004399053,
    0.04932121168367748,
    0.043151330823094226,
    0.12736937062703396,
    0.008757799515122852,
    -0.03587006807816057,
    -0.11339640824422255,
    -0.06081698468139231,
    0.0716996991375782,
    0.037001676464064194,
    -0.02943119450263009,
    -0.12665695868375232,
    0.13631199204854985,
    0.05214888465364739,
    -0.019824486630625252,
    -0.037375329880733534,
    -0.06029516062995866,
    -0.04497358904789392,
    0.038530999321095986,
    0.01985935769612011,
    -0.03319616148183168,
    -0.018124456458366713,
    -0.02560812836677846,
    -0.0810834195504247,
    -0.019075770035051058,
    -0.0717451190993832,
    0.08697949098870245,
    0.016743644344158464,
    0.04629237053831073,
    -0.0015782723086899145,
    -0.043326153460686516,
    -0.0059512929276807364,
    -0.15281596778998247,
    0.013477777723327488,
    -0.1294225154162133,
    -0.034419861241889255,
    0.04338822268460228,
    -0.06279012276754463,
    -0.010546637407881101,
    -0.1272688846142212,
    -0.0012509115825774606,
    0.09303418411008742,
    0.026044507427089452,
    -0.10805343570882611,
    0.07400792881571419,
    -0.007517102024082078,
    -0.012687415072488654,
    0.056856838139313366,
    -0.09710109891451028,
    0.09905477432615532,
    -0.0637159023609735,
    -0.05074878889732031,
    0.07727234979534707,
    0.027267120799991735,
    0.03910004144562042,
    -0.1030985332294123,
    -0.12188604931198287,
    0.006503547476895184,
    0.00672791446241812,
    0.023586074806106725,
    0.03916229142718615,
    0.013365749710432901,
    -0.13457189847685955,
    -0.038355741066785666,
    0.0001600526788729935,
    -0.07462326997251116,
    -0.07121350125209024,
    -0.03364741253887171,
    0.050994213171035925,
    -0.06819819369984606,
    -0.014841351414340752,
    0.008637148561532132,
    -0.018217170918451337,
    0.06487158868852846,
    -0.020426973761187694,
    0.04679174691939874,
    0.0824760554094317,
    0.04547684003395113,
    0.030534770293172343,
    -0.0210705363324071,
    -0.18014065042934768,
    0.01378150575544632,
    0.007758990340345426,
    -0.01691941736589745,
    -0.0011892545077253393,
    -0.02931693997465127,
    0.0007277518119699468,
    0.036109322835845,
    0.025209390608391526,
    -0.0883672797848615,
    -0.0129913653767281,
    0.018749216817540323,
    -0.0328738474150501,
    0.07882781461516386,
    -0.1327420460861222,
    -0.03169797494216522,
    -0.015696348806949575,
    0.0641013348175523,
    0.02906877990798358,
    -0.028265868430077036,
    -0.0853469711616349,
    0.05052350971665439,
    0.09703734356091845,
    -0.012517600998276349,
    -0.09598532995979753,
    0.08906824965574914,
    0.012027828629258826,
    0.03520779371988313,
    0.09248200768809141,
    0.027653312654779456,
    -0.0933292085298444,
    -0.034905290612220204,
    0.008164090463621132,
    -0.15570295049022206,
    -0.0463602500025334,
    0.04689480732182758,
    0.03974067484443701,
    0.024387975050281976,
    -0.030537179180179504,
    -0.1231520528983626,
    -0.03923623756603535,
    0.026626333435538323,
    -0.019319717691146265,
    -0.011522084320629405,
    -0.14199701762073333,
    -0.03395133840579115,
    0.008130974749124838,
    -0.010371110766643222,
    -0.02611390714789255,
    -0.0005610161911774182,
    0.012468872355540978,
    0.05195778202719342,
    -0.07976236471554284,
    0.049381143593228496,
    -0.0730565794710307,
    -0.002629088443390684,
    -0.0237663041521497,
    -0.0064726547853712155,
    -0.10371425471849365,
    -0.028216526262460365,
    0.015389150581430332,
    -0.021679383859797185,
    -0.014746082468571875,
    0.0033312949475718884,
    -0.04269042139709772,
    0.008041757024583531,
    0.005882591665548304,
    0.006432653761460157,
    -0.13571827090439545,
    -0.01503178669336401,
    -0.023481604259308862,
    0.012109558841004743,
    -0.0005632793324796687,
    0.007980078599418,
    -0.04368356062212977,
    0.0243457588463021,
    0.026255611247787445,
    0.04482504634939984,
    0.01970909462975582,
    0.010062393729122118,
    0.0004183659522030137,
    -0.057786894423083,
    0.06938559726234377,
    -0.021501627770743156,
    -0.027371789441367318,
    0.00032180578901598003,
    0.1620061986542622,
    0.011877866434089559,
    0.07925084930980894,
    -0.12436118244393359,
    0.0504803505612422,
    0.05765779723097685,
    0.01421189853983413,
    -0.0016731182148196425,
    -0.016273501688516843,
    0.0027270175764734245,
    -0.008048017770949222,
    0.07959600148006939,
    0.04699686964460582,
    0.023714487081938577,
    0.12018323307526656,
    -0.04312919952450658,
    0.0028081664718947923,
    -0.023188471807120862,
    -0.0789073234541838,
    -0.03755214633086186,
    -0.012882881418117676,
    0.0666869762394657,
    -0.02667716288250795,
    0.05456619845662207,
    -0.018150292875710038,
    -0.09552818034501552,
    0.03081014136800694,
    0.09007975573329398,
    -0.1965950368005222,
    -0.013062801343121981,
    0.09767204876390984,
    0.10194401028042564,
    -0.04315688899190699,
    -0.0432017431107596,
    -0.0172086104049315,
    0.012704767531586765,
    -0.029668530147557326,
    -0.09680344968230926,
    -0.007335054891355616,
    -0.06688221863907784,
    -0.04516336886322298,
    0.05337849348302662,
    -0.07751720734299515,
    -0.12787252735537216,
    0.005390450656805061,
    0.03281701609715094,
    -0.07869348603339157,
    0.0761541900245366,
    -0.010023539572599067,
    0.03326418490202607,
    0.01726438668119254,
    -0.07839232426066116,
    -0.07061535446468872,
    -0.013367491056245072,
    -0.0032409502887638096,
    0.01691679879361856,
    0.06392030631828395,
    0.10162511202109556,
    0.0625473583492815,
    -0.05079699935606453,
    0.011376597585224031,
    -0.01585492261357903,
    -0.11376006691239966,
    0.028626938581723185,
    -0.004499366306945036,
    0.01374089491779695,
    -0.07223244343938717
  ],
  "modality_contributions": {
    "spectral": 0.4,
    "imu": 0.21,
    "audio": 0.24
  },
  "quality_score": 0.8000000000000002
}