{
  "episode_id": "mil_gps_spoof_isr_v03",
  "dim": 256,
  "vector": [
    0.05436687510398281,
    -0.025520972426118338,
    -0.025346997296421956,
    -0.0716813791899426,
    0.032116029410515695,
    0.12400583899558727,
    0.014691870012580582,
    -0.02331377646361935,
    0.0868676678125397,
    0.06878097562832074,
    -0.029530371418351676,
    0.035817167225424225,
    0.02817839213650441,
    -0.0728801268325256,
    0.02665393468052792,
    0.010623332602666057,
    0.04863596745170493,
    -0.1981293065833708,
    0.11883833517637622,
    0.08857536263366407,
    0.09414814809724291,
    -0.07629428917608046,
    -0.02409747177508693,
    0.03115279365686867,
    0.06291363055572928,
    -0.03835222402350932,
    0.06249959622229624,
    -0.09756049106186175,
    0.08484530595711763,
    -0.10665862470979348,
    -0.025837694918636307,
    -0.06876017862486167,
    -0.0016010374184441652,
    0.009918150451457879,
    0.09693897749821598,
    -0.049474266404836334,
    0.023639260953758623,
    -0.07336094544707301,
    0.047397727474085716,
    -0.011559942001719968,
    0.03343084561276199,
    -0.0387599636243268,
    0.06124212050571656,
    0.0983367494001162,
    0.021943384322428674,
    0.05591715459245597,
    0.09137074174798769,
    -0.00042421821702684205,
    -0.03019845896339323,
    0.08040886109642462,
    0.050177157117866446,
    0.009380641208392014,
    -0.009924350138166041,
    -0.06939076189147211,
    -0.05693338720701312,
    -0.08674636964731679,
    -0.03506847894899765,
    -0.020183933537649443,
    -0.03143692065936916,
    0.10272397653629127,
    -0.030043706277316395,
    0.039889956614208404,
    -0.016182979954633483,
    -0.050550820256071424,
    -0.021759529995191443,
    -0.05427520404100356,
    0.12591628340326264,
    -0.049495289100245324,
    -0.04484829036038975,
    -0.021748008791784356,
    0.05159051449693763,
    0.10475952615696556,
    -0.06942516813780279,
    0.05733206226062938,
    0.01758613543099798,
    0.028579887706797886,
    0.07527745633803129,
    0.11318841020120575,
    0.011673260554690083,
    -0.004175378178112815,
    -0.08004702294968467,
    0.08043529970595828,
    0.027549048783576394,
    0.024387087885943612,
    0.0020279866860776915,
    0.02863317408345922,
    -0.10866378306899183,
    0.0204320941242393,
    0.06852692805510284,
    -0.04572978189981794,
    0.06763595907705183,
    0.0019018039906968918,
    -0.061247205669410394,
    0.01642342556496317,
    -0.07041407832246979,
    -0.06294755530993291,
    0.09175457509015951,
    0.05226258748116818,
    0.12158049203144342,
    0.0035796185365814474,
    -0.05224737774764736,
    -0.042432763376203074,
    -0.07264426151858906,
    0.00021278115957161262,
    -0.03554998243200141,
    -0.006940922803126841,
    -0.06616448949019345,
    0.015925578352850658,
    0.06664363955378949,
    -0.13207130300536518,
    0.059346523615785254,
    -0.009446176658582479,
    0.023370982313599686,
    0.09928358565599847,
    0.01066978128110954,
    0.10007247067760364,
    -0.01062489229038964,
    0.055980697466267056,
    0.08783124974113468,
    -0.08139920273414106,
    0.010920845473068496,
    0.00271272610270884,
    0.04740837428940206,
    -0.027498142837038483,
    -0.04693059533995288,
    0.0723265838200376,
    -0.04300346246686141,
    -0.049609175907470306,
    -0.031014072943922798,
    0.028916740019801324,
    -0.03882845077511168,
    0.06405617852612551,
    0.11297258450508126,
    -0.06029977566292183,
    -0.10852035876748355,
    0.06849367017779814,
    -0.04819313035255909,
    -0.008755557210785248,
    -0.045087764644977525,
    0.05797647738903204,
    0.0075907284034249485,
    0.014960797729280861,
    0.0697344833395119,
    -0.040848311686838286,
    0.03430411841903424,
    -0.08743355523187805,
    0.02331309973115684,
    0.030004929673138815,
    -0.05854514175695533,
    -0.04690798576803643,
    -0.02364648668725447,
    0.09855746780828299,
    0.12255714542328804,
    -0.013600376108894916,
    -0.11795553152040535,
    0.020927515980073568,
    0.012374786507903978,
    -0.0026225729793968216,
    -0.00724904732799131,
    0.032222626100934695,
    0.11770284395811068,
    0.021165775532518832,
    -0.00939612845333017,
    -0.04535789574455238,
    0.024790871961233623,
    -0.048817012753456235,
    -0.025723479685346055,
    -0.09913973012845591,
    -0.07856131242175564,
    0.06349489199910908,
    0.0026438707131626613,
    0.03626212496470915,
    0.029844676392969862,
    0.030053061147087275,
    0.09489271713101072,
    -0.060279882087103824,
    0.07230158822057246,
    0.002374325818743042,
    -0.036247698238044225,
    -0.03762116195080965,
    0.044639302045052676,
    0.019691461973971834,
    -0.041207976884797,
    0.128011667995106,
    0.016498069644810976,
    -0.03516332887130212,
    0.07286634636938612,
    -0.0251821748811196,
    -0.05780456399831149,
    -0.022296539001685947,
    -0.03915113494268184,
    -0.04718895156131129,
    -0.0018206975767809319,
    -0.042689405509754856,
    0.13049399695141833,
    0.07711440396744233,
    0.017064171517081686,
    -0.011834175140261449,
    0.08744218858961354,
    0.01878321733031697,
    -0.003766271306120908,
    -0.014159351330090077,
    0.03304301065568169,
    -0.016184492200407272,
    -0.1079217072378579,
    0.02443918998887279,
    -0.04538661562397014,
    -0.038334659398912015,
    -0.005225136482085171,
    0.03997173378682228,
    0.10438229767681668,
    0.017127491705053784,
    0.11549307944782734,
    0.040027405179980144,
    -0.01978928403868236,
    0.12313294326564754,
    0.0030895721079305114,
    -0.09334454542579051,
    -0.09373063901339881,
    0.11094566911393947,
    -0.06597929601401269,
    0.022173354680240193,
    -0.006402241575257544,
    0.004316934119010468,
    -0.043094984561383276,
    -0.026363336214065815,
    -0.09081640057160996,
    -0.019494993715527344,
    0.014046315685590022,
    -0.0921085892663058,
    -0.0714150160034503,
    -0.06522074977483087,
    0.02939220605688797,
    0.009212508552310442,
    -0.0671458193935368,
    0.001918133351536309,
    0.011553308644203033,
    0.11420529455469397,
    0.09700947921109107,
    -0.014856408177136082,
    -0.05345672820490155,
    -0.11219217529503143,
    0.03997658661415321,
    -0.11190087344120106,
    0.01198746436103335,
    0.00729875944653662,
    0.13967288674504333,
    0.03980112096075598,
    -0.1524813191327779,
    -0.07196505216645258,
    -0.016564863264111745,
    -0.08046754596624894,
    0.0031661170877570212,
    -0.09798663239263344,
    0.04789955855479366,
    -0.06545721567069762
  ],
  "modality_contributions": {
    "spectral": 0.4,
    "imu": 0.21,
    "audio": 0.24
  },
  "quality_score": 0.8000000000000002
}