{
  "episode_id": "mil_schumann_ground_sync_v03",
  "dim": 256,
  "vector": [
    -0.08539523836114259,
    0.04233449708983003,
    -0.03632960667723607,
    -0.020893094209250715,
    0.05275514054836553,
    -0.04609895300494929,
    -0.027164276827302578,
    0.004488215203183443,
    -0.0833584748999953,
    0.028011644100869044,
    0.07532919551098212,
    -0.034091212686326186,
    -0.11004706347216625,
    -0.07897490937422554,
    0.02957080653582717,
    0.024902780012220394,
    -0.0012624915547274202,
    -0.06595210032725174,
    0.041410472545373674,
    -0.03850785371455003,
    0.0419232754445322,
    -0.06918032417372802,
    0.012531329633395961,
    -0.1042248521815609,
    0.04692097828831869,
    -0.060627528914543705,
    -0.08269476703673177,
    -0.055864284898975373,
    -0.0852054888923619,
    -0.009281405790793486,
    0.07040664367823797,
    -0.012577468787577125,
    -0.09005856792556448,
    -0.05053153079470008,
    -0.014340648495433438,
    -0.10034365837514736,
    0.04558898389969527,
    0.07780064446780714,
    0.040433629822786504,
    -0.01202065792046684,
    -0.08206310239242895,
    -0.022905285299284442,
    0.0029108166389536483,
    -0.026274179129771726,
    0.05992965886381131,
    -0.006341604863375454,
    -0.028352384409054136,
    0.011394693842804041,
    0.029569431648201073,
    0.0452349982097892,
    0.06233397382207428,
    -0.0066216554339084705,
    -0.011754588778892221,
    0.07069940650928207,
    -0.09228855929951216,
    -0.01416005123330191,
    -0.010396758099599104,
    -0.04279408865740091,
    0.04469914004284468,
    -0.08208493418320267,
    -0.07314320668090828,
    -0.0042779790535777944,
    -0.12085102881818682,
    0.04689289234585388,
    0.03775714353114448,
    -0.05785675543363992,
    0.0426231937035043,
    0.01301795747955005,
    -0.040168233628672716,
    -0.09122520587788563,
    -0.14073540043226462,
    -0.0007315923950552632,
    -0.02770830279001247,
    -0.0847855716137547,
    0.10959927892466101,
    0.0061110854563261085,
    -0.027946276602925403,
    -0.0972081304199594,
    0.014159203540446587,
    -0.07907928229705347,
    0.010182874982853286,
    0.018960466478893205,
    0.00971058206269282,
    0.05385374834618011,
    -0.04961099281434645,
    -0.08677515262508316,
    -0.06952977790091543,
    0.10341388386033135,
    0.0003840909695130354,
    0.021049824505535518,
    0.028292553020168674,
    0.09275793996096686,
    -0.17398778222664346,
    -0.04935479550712768,
    -0.09971610937576024,
    -0.038277216478932105,
    -0.06664561503702583,
    -0.034074657789788056,
    0.08535605213275115,
    0.05576036103811273,
    -0.06695968196305005,
    -0.05234539961293882,
    0.04851197630825334,
    -0.01908641400015272,
    0.006589428304832702,
    -0.04424313917258545,
    -0.004203540736802229,
    -0.06195816074133673,
    0.0642314608541052,
    -0.052078080195761677,
    0.0744420123358876,
    0.052236483936720174,
    -0.030366340394577054,
    -0.010595897164801861,
    0.07082268184555783,
    0.025745644247399307,
    -0.0240309620794288,
    0.047755239611001865,
    -0.018300524002298816,
    -0.04524596396862304,
    -0.1248105727783226,
    0.03868759701662581,
    -0.03739988907672824,
    -0.036020101454097536,
    -0.16527945176817152,
    0.0726854404094117,
    0.03620555731912015,
    -0.13384191127820882,
    0.08076979480873374,
    -0.00030660415208813026,
    0.014037437713507205,
    0.07675522653513259,
    0.0021851081634752115,
    -0.04372271180468798,
    0.11676830203261797,
    0.08587890991860533,
    0.06528813163161491,
    -0.07630252960287402,
    -0.004975575894857994,
    0.07102571308307715,
    0.05334358481139503,
    -0.010319736409564191,
    0.05497301317622382,
    0.07702418734664332,
    -0.09317698212864446,
    -0.07343777413422034,
    0.007205558538081244,
    0.035073225259122105,
    -0.025966315469880912,
    0.08895243451616927,
    0.040524028903157164,
    -0.042717695338739335,
    0.14650262864890543,
    0.0554135695239182,
    0.03845722666976825,
    0.04810806634633433,
    0.02602217125001716,
    -0.0355423318453761,
    -0.06426865369424463,
    0.06640359292931136,
    0.04248703920508289,
    -0.04420952846502083,
    -0.06719363409682819,
    0.03453960294202197,
    0.09571223650665954,
    0.034952855376818956,
    -0.031019290176216085,
    -0.06727249327569376,
    0.05547234488730016,
    -0.06031868317444779,
    0.1060482992769382,
    -0.04442279995445491,
    0.11813844140475512,
    -0.13304893589255468,
    -0.09298813168925232,
    0.028509066590247507,
    -0.047618429085186695,
    0.11598516921859599,
    -0.02886223828824449,
    -0.105486443937012,
    0.07516234074715357,
    0.0872338320725669,
    -0.09285849010834797,
    -0.06816206338919002,
    0.08699141020738975,
    -0.0334224460891068,
    0.05073815326501421,
    0.039221234386999745,
    0.005168930192043097,
    -0.031589926272189706,
    -0.05348958922998211,
    -0.03375935263704649,
    0.07315403883308765,
    -0.03601762284189643,
    0.007973739203823313,
    0.03534698148040925,
    -0.0034754208834111796,
    -0.07530223419208838,
    -0.06583888168870275,
    0.08902378396264851,
    0.002629049770596707,
    -0.060143258722979306,
    -0.017534855697854946,
    0.06783728869296747,
    -0.10133499328559922,
    0.045857542486375226,
    -0.07281463828281755,
    -0.02916203973406778,
    -0.028631197700651926,
    -0.20953035998937797,
    -0.0643621147526107,
    0.03721263366748568,
    0.11215862076816453,
    -0.04633600374616414,
    -0.02064424674011553,
    -0.036384082462389944,
    -0.02659193503922681,
    -0.03902315532514168,
    -0.05849555701160229,
    -0.0019922457153658864,
    0.013332362732903514,
    -0.007913447159251536,
    -0.015701184833571264,
    0.054102037138979986,
    0.0021382838652509624,
    0.00802316407283022,
    -0.024632702415973522,
    0.07480107355532936,
    0.028754605997281656,
    0.04033999200087283,
    -0.09017308228844974,
    0.048602886210016426,
    0.026840200878725438,
    0.055109683710505716,
    0.01766068259430281,
    0.05299300898187139,
    -0.03797167701429132,
    -0.010859647811787904,
    -0.06764046034927519,
    0.028097108868356594,
    0.08358249924058168,
    0.10199022553911401,
    -0.030786656152993055,
    0.030194639280601503,
    0.01752186310170344,
    -0.037117162896405376,
    0.059048003059677716,
    0.09095746440076777,
    0.11637587702502221,
    -0.03254120296995649,
    -0.0670991906726829,
    0.026607738791464372,
    -0.007261582043527665,
    0.018043273409356644,
    0.08545347669656464,
    -0.054367607188585756
  ],
  "modality_contributions": {
    "spectral": 0.4,
    "imu": 0.21,
    "audio": 0.24
  },
  "quality_score": 0.8000000000000002
}