{
  "episode_id": "mil_ku_strike_intercept_v01",
  "dim": 256,
  "vector": [
    0.019008465377190788,
    0.07832885487044831,
    0.09436646318717279,
    -0.13869485764282818,
    -0.057313174353598006,
    -0.027143614720066635,
    -0.1374315790831196,
    0.056791118484649086,
    -0.12666211952818263,
    0.04168211867846284,
    0.018373691777411244,
    -0.09019767977173607,
    0.015169211288846761,
    -0.14545535387643907,
    0.026821480816930993,
    -0.07247561947694273,
    -0.02592185147642719,
    -0.014949274873324179,
    -0.026637346185958383,
    -0.007486216932886418,
    -0.02299796386775735,
    -0.11288670940230688,
    0.04867839243522525,
    -0.07297918581690821,
    0.0008346098297351871,
    -0.014467686716251585,
    0.01658406066055792,
    0.040295572698684674,
    0.016127868995686512,
    0.05994138198324632,
    -0.06699884686525173,
    -0.046709823325892304,
    -0.06593393238453805,
    -0.1714212691682088,
    -0.0023563844962377696,
    0.025589017811610406,
    -0.05008529718434405,
    0.0004615694760662395,
    0.09467705597257955,
    -0.014536237141868543,
    -0.07760978394151996,
    -0.03174388159815993,
    0.07036389638978695,
    0.0518215248125294,
    0.05694534832695921,
    0.07899852545497695,
    -0.044586482378809765,
    0.060708800138080055,
    0.0232249214439886,
    0.06154150126403762,
    -0.03397065731550401,
    -0.06318386950588036,
    0.09838546818790764,
    0.05594782422561452,
    0.03955093679233838,
    0.012386178604213894,
    0.049118470481078765,
    0.0027283303133743284,
    -0.009064990139996839,
    0.001847797463239833,
    0.015621013510888609,
    0.03092230292886887,
    -0.07957258128453215,
    0.015972174993697387,
    0.051872262061814826,
    -0.011908347113235586,
    -0.1399496119376353,
    -0.015301404613547523,
    0.04085244149391357,
    0.013769932145634822,
    0.010800329547264153,
    0.0484018766225086,
    0.021490864140011355,
    -0.026982135166387408,
    0.006150996782883021,
    0.0001852478526600103,
    -0.10281124255490195,
    -0.024934788394878955,
    0.05401018051624658,
    -0.00926132410586769,
    0.060354144809829195,
    -0.07329959954565116,
    -0.021724324166742224,
    -0.11104619374163717,
    0.04976471604120691,
    -0.043757782153861266,
    -0.0209372612871822,
    -0.04549668693640032,
    0.005262368730096587,
    0.0704126299704412,
    -0.013266644609494395,
    0.06605702590085769,
    -0.10021439181518327,
    -0.00921450210742612,
    0.04751499827006066,
    -0.11556186894079898,
    -0.06840044866297157,
    0.13541159737566297,
    0.052027571297399294,
    0.08600560897010873,
    -0.05308029876592374,
    -0.042049888191351074,
    0.09832700755520966,
    0.01547931305801514,
    -0.04450556132670357,
    0.0500815994729258,
    0.061037372813635866,
    -0.027227132093064488,
    -0.13201973286250596,
    -0.0015125828849973518,
    0.09490988641366593,
    0.1564781325629112,
    0.026184102955765842,
    0.03440680058331883,
    0.07733761816860728,
    -0.061707897255165144,
    -0.056441009603592565,
    0.11146645416853422,
    0.027573668209510783,
    0.06095322498237236,
    -0.015160134508122099,
    0.09996971830651646,
    0.01297027084641062,
    -0.03804014074281191,
    -0.054083857803653115,
    -0.025113166964678565,
    -0.05121468972907277,
    0.004959925379325867,
    -0.10940146342004357,
    -0.03538025967623034,
    -0.05374324069116576,
    0.06845265110635128,
    0.07670424494507923,
    -0.11870643175924007,
    0.023637669315506222,
    -0.1339307843916968,
    0.08843553514609151,
    -0.04414054999088027,
    -0.05075169282824582,
    -0.07751462535571314,
    0.04497285540134574,
    0.04812160150449627,
    0.030531215331804015,
    -0.09851740407509327,
    0.006542395427334605,
    -0.028912113506497156,
    0.029945697727222782,
    -0.010927210321704794,
    0.05074304127001891,
    0.11714027171904358,
    -0.020890098167039385,
    0.042452029791448784,
    0.08244891422865569,
    0.02116009185017508,
    -0.047692125470692,
    0.0267554543044271,
    0.05547273758918922,
    -0.050911047941961184,
    0.05125134128004958,
    0.045284279906240094,
    -0.011551894093492103,
    -0.07833109575183089,
    0.018764461024781354,
    -0.004536778361715578,
    -0.04472494458874175,
    -0.07763028600191517,
    0.0798130680144918,
    -0.09029016124908594,
    0.019875876040976508,
    -0.018151140208813518,
    0.061220810546656415,
    -0.028793010487778613,
    0.0244793839725754,
    0.058116961671835304,
    0.05202824022513046,
    -0.0415122227409649,
    -0.05677037250544425,
    0.030577343679973897,
    -0.035910975266074424,
    0.04438714455912611,
    0.05317903918885821,
    0.014956390583942516,
    0.00842942552857122,
    -0.008290877048309418,
    -0.01994246417913479,
    -0.08543278746707975,
    -0.037533262586939564,
    -0.1032641119699844,
    0.01807017375703027,
    0.07339509930990785,
    -0.052001458677519104,
    -0.08492232508258028,
    0.07154765254479968,
    0.024729101274681448,
    0.03302894052159948,
    0.08254325357510481,
    0.054959893143035864,
    0.013643742287034688,
    -0.03883904256644892,
    0.04069267689653919,
    0.06175545798539223,
    -0.09118312033131752,
    -0.07569135603233423,
    0.03581128811484034,
    -0.12894296330760538,
    0.11063012578525346,
    -0.01594973515952921,
    -0.014353799393211653,
    -0.027061012902362323,
    0.056068654138457394,
    0.10763323145811385,
    0.02785986035714083,
    0.12584672316095477,
    0.059698186927821265,
    0.05885213332141297,
    0.04784358203023425,
    0.03946882054714157,
    -0.049923442567430774,
    -0.031536756996206686,
    0.015003290399058292,
    0.0829545403194453,
    -0.003811590320779999,
    0.02707649988967964,
    0.012728284094294882,
    0.051227517206002805,
    0.10331609391848216,
    0.05991192557379293,
    0.02763758349338667,
    -0.1109062687710716,
    0.04182402105852752,
    -0.001013779243716707,
    -0.049648196393609394,
    -0.033098371345590245,
    -0.0010760176949704287,
    -0.034352842721382476,
    -0.07300010252154601,
    -0.05494395064665771,
    0.07701727722084739,
    -0.033389168430071316,
    -0.02328925463313044,
    0.04668526322380426,
    -0.07689871344047587,
    -0.10299262088727563,
    0.12405777908817628,
    0.029147855659330032,
    0.023873002048160653,
    -0.0014709189480239207,
    0.13681823833681464,
    0.0371332733875508,
    0.025190835345739158,
    -0.10831725269454996,
    -0.05284692829653979,
    -0.0333817403051701,
    0.07592995753659339,
    -0.03153142693543176,
    0.006276623612074027
  ],
  "modality_contributions": {
    "spectral": 0.4,
    "imu": 0.21,
    "audio": 0.24
  },
  "quality_score": 0.8000000000000002
}