{
  "episode_id": "mil_schumann_ground_sync_v00",
  "dim": 256,
  "vector": [
    -0.06601639310818887,
    -0.1417457575424179,
    0.09806704245000503,
    -0.05940291407845347,
    0.011868708698417007,
    0.07430515100235704,
    -0.027132786312175673,
    -0.014264618740327369,
    0.017623954436292937,
    0.09308662407034517,
    0.051797215871402416,
    0.01674391209940308,
    0.049309484204023785,
    -0.04446041952358955,
    -0.07238020994900829,
    -0.07047631148683213,
    0.058806161368118004,
    -0.07464366689493314,
    0.08747766426358887,
    -0.029571523125729367,
    0.10075847216749621,
    0.021810326155867674,
    -0.03566768606711162,
    1.6142056776900895e-05,
    0.012411009210846691,
    0.042830459032629914,
    -0.02590063921287363,
    -0.07878599139499491,
    -0.02081080518521082,
    0.09134570271428351,
    0.08367613272949842,
    0.03716163772654726,
    -0.04899294184805054,
    0.04667399515559522,
    0.01601836449008132,
    0.00795870356866606,
    -0.011649753094320576,
    0.026449855617628554,
    0.013558660248213372,
    -0.11821137262241625,
    0.019469017629465315,
    -0.03468525534656802,
    0.11099327271067111,
    -0.049086675296876554,
    0.017161519129435802,
    0.040706893851682434,
    0.01840277715141007,
    0.10074011796527307,
    -0.03646957801664444,
    0.06536582105539027,
    -0.07767990866056439,
    -0.06964352076287822,
    -0.009491507823794093,
    0.013168811318258979,
    0.004636616354089093,
    0.021902862762105308,
    -0.07316565028541763,
    -0.05341591759275824,
    0.09360301988937583,
    -0.1482651506618269,
    -0.0664033801625317,
    0.0016258872046589475,
    0.10665907065933324,
    0.01004848228741386,
    -0.01680106632048569,
    -7.18401243285721e-05,
    0.022292218627386513,
    -0.00040557175387271596,
    0.05301498661084491,
    -0.06843992460136826,
    0.0011772935659122555,
    0.0633484453206326,
    -0.12244758644215016,
    -0.08294149901885162,
    -0.063303931819905,
    0.12816226127879873,
    -0.048431808899827324,
    -0.015832879500632387,
    0.0378425150001938,
    0.029991360067108203,
    -0.0006093707969973204,
    0.11617561447960717,
    -0.11590662161577148,
    0.08653690655994256,
    0.0532889799024846,
    -0.05507446340380268,
    -0.03785238579322953,
    0.03042409061737849,
    0.018807484941835883,
    -0.011021929983641685,
    0.10933002009240093,
    0.03356008027540222,
    0.12889141970898893,
    0.07985585723974896,
    0.04046467058342537,
    -0.050739158644105505,
    -0.019496974223009507,
    -0.0014583675330569006,
    -0.0270849035795885,
    0.040646459337378045,
    -0.14281180717208058,
    -0.04899733036516035,
    0.048070395239782404,
    0.012442320752370208,
    0.0057087006109762025,
    -0.05324249237996132,
    0.13018027042021427,
    0.05009108672399983,
    -0.034918234160543064,
    0.08639752067927595,
    -0.050652654300836215,
    0.011146235092067717,
    -0.026642492217794925,
    -0.07115537951303763,
    0.11955340751909786,
    0.002259777355248077,
    0.07387146417938216,
    -0.0232510346721811,
    0.034914039836877235,
    0.07610214482222535,
    -0.1357461785525464,
    0.023701134553716592,
    -0.0009940583777779594,
    0.07983938034699072,
    0.043433908473608444,
    -0.01456792147591046,
    -0.014668639316829327,
    -0.09744420318128705,
    -0.0020673322196490904,
    -0.20955674587537274,
    -0.015805146132418547,
    0.03811202673111897,
    -0.08839879488624054,
    0.08806854869432562,
    0.013457539921390054,
    0.03661269008864857,
    0.028458636716215877,
    0.0578304161054228,
    0.02973839539647393,
    0.036444796141909416,
    0.07631930039244751,
    0.02637201812438515,
    0.043366881922175526,
    -0.06801702281094302,
    -0.10698753031284797,
    0.16544545668388308,
    -0.061452615750443806,
    0.029431927938318017,
    0.025259698348169914,
    0.04033454134326723,
    -0.011702551170881821,
    0.045790956941053375,
    -0.04713422429872337,
    0.023900840230429102,
    0.0017913601330339852,
    0.06479148306395156,
    -0.07736279847073217,
    -0.12133350364755713,
    0.10835891481398553,
    0.02571271294161619,
    0.038487828630231764,
    0.10996976579993069,
    -0.013242571543700685,
    0.06804653589216497,
    0.009347828746477448,
    0.08148348306317633,
    -0.06498063262571693,
    -0.06365734447181044,
    -0.03250185228381391,
    -0.03141948496515339,
    -0.11384222763621911,
    0.019952596450802274,
    -0.009042412730998105,
    -0.08903210751632011,
    -0.004370742388676358,
    0.017374772345013844,
    0.0354684862707707,
    -0.022283941178935004,
    -0.049100557417688075,
    0.0661620158236744,
    -0.0675350371665907,
    0.031223849707878736,
    -0.0029356329033011987,
    0.04664180245425871,
    -0.02106190944638973,
    0.10897547303439446,
    -0.09577015323126994,
    0.07724267788339635,
    0.050006431690617976,
    -0.009298282830438103,
    -0.015786292773169508,
    0.035349426254269865,
    0.08596083047248985,
    0.0758492524549512,
    -0.008944621646314755,
    0.07509662230323862,
    0.040805480150719456,
    -0.08307806885399119,
    0.10821414182126127,
    0.01884293593580518,
    -0.043115974656709175,
    0.12438284099051913,
    0.0019579572987973204,
    -0.061401456637643105,
    -0.013748292193185381,
    -0.020186224402085548,
    0.0308160600671552,
    0.00022456976737851342,
    -0.06976676592071188,
    -0.05439284340418161,
    0.04499618908027617,
    -0.06856466245075647,
    -0.024328923370271007,
    0.10280897301627268,
    0.005825007665931005,
    -0.023587302771216394,
    -0.05607733730292846,
    -0.01092861069935995,
    0.005273989663984563,
    -0.03832458869486468,
    -0.023793153022144655,
    0.011501626100749725,
    -0.03012096336183638,
    -0.004058019522098273,
    -0.007549917101969947,
    0.01120229200878376,
    -0.06386285481497504,
    0.012656478297172973,
    -0.1273319179395515,
    0.039087325893304506,
    -0.050350366232518054,
    0.08310963102437664,
    0.03095007563962381,
    0.06093200166206397,
    0.010707174227171509,
    -0.032733884724461836,
    -0.11188244967821595,
    -0.0204553647322505,
    -0.03521589648687506,
    0.029650424576569512,
    -0.059785777496128754,
    -0.07484115470861362,
    0.07509449477917664,
    -0.0313552914697064,
    -0.04961207183406397,
    -0.08443561276350285,
    0.08719919978005529,
    0.09239284138547474,
    -0.024068056473818187,
    0.00926454060786265,
    0.041230766173359266,
    -0.0007798105120835037,
    0.0021605124288318293,
    0.08227807089600515,
    0.02093207177041081,
    0.0676716784608296
  ],
  "modality_contributions": {
    "spectral": 0.4,
    "imu": 0.21,
    "audio": 0.24
  },
  "quality_score": 0.8000000000000002
}