{
  "episode_id": "mil_gps_spoof_isr_v02",
  "dim": 256,
  "vector": [
    -0.01977937465289804,
    0.06312569871050014,
    -0.0018711701945635468,
    -0.036799863332783844,
    0.001486154662196669,
    0.0877030027249648,
    0.04674069415445991,
    -0.06981365692967094,
    -0.009594899333105414,
    -0.010387106735013855,
    0.015057022667591765,
    -0.07941806896813873,
    0.05509976136824213,
    -0.057405385826731395,
    0.10891520671639515,
    -0.02670252556301734,
    0.015732619985945107,
    0.11916790697195627,
    -0.07496695465449783,
    0.08578907043653845,
    -0.02631134680364526,
    -0.05039198353004133,
    -0.023783619536953148,
    0.04404129413630736,
    -0.012419982537634858,
    -0.08840435187993438,
    -0.03799598293750236,
    0.05198871780183907,
    0.0317984787401215,
    -0.02735369287510019,
    -0.13981978801494183,
    -0.006620234373898821,
    -0.07322133038000571,
    -0.08834425457360921,
    -0.09976386710658998,
    -0.09530749623216463,
    -0.05508134805352595,
    -0.11350888287323348,
    0.0022066305077357447,
    -0.05103460437901712,
    0.03015731959354992,
    0.16597490297383655,
    -0.0685201242809329,
    -0.0158425657285827,
    -0.047266153850517786,
    -0.06919205768735467,
    -0.12224063165163536,
    -0.015107559566494075,
    -0.11804847129635265,
    0.052576064711434486,
    -0.06926339834714665,
    0.00787925958245635,
    0.007772156412162591,
    -0.07363593855466168,
    0.08579074938841852,
    0.02588536216365998,
    -0.010079151956032175,
    -0.016255718779145296,
    -0.054676015781361324,
    0.03594690571268981,
    0.08895110202630871,
    -0.022437313382805652,
    0.020961702387865284,
    0.06707932536761772,
    -0.031610171156411404,
    0.01609797495415455,
    -0.04977750361058761,
    -0.05706882560395701,
    -0.09455519948204484,
    0.04250177809927455,
    -0.04145653191098165,
    -0.06442358314753593,
    0.15351360669844993,
    -0.007868973604294036,
    0.01861406398292629,
    -0.08190170204853685,
    0.03420570035553842,
    0.06180953369119806,
    -0.012198610883580166,
    0.08503276729622712,
    -0.01107394518061978,
    -0.041744451952575944,
    0.013754614948476027,
    0.006057915303272416,
    -0.016019189673950066,
    0.0526509272019148,
    0.00879649359881981,
    0.03399362031596558,
    0.04798417722839234,
    -0.008495629133114262,
    -0.024477014696351752,
    0.09162043753949324,
    -0.0651732658803596,
    0.06887349201813545,
    -0.06094219073981544,
    0.08137739741960558,
    -0.047362185574855414,
    -0.09282478066607919,
    0.020451576577647894,
    0.008092374895380235,
    -0.0023296016350934303,
    -0.07082335704166898,
    -0.0704743938003329,
    0.08086573640307101,
    -0.003199154507828127,
    0.01680047953417397,
    0.05190776219978334,
    0.06049900047132015,
    0.04817517914468339,
    0.013532579993657728,
    0.012000152540757442,
    0.000493944670901257,
    0.03720071234908831,
    0.06287239448722351,
    0.0020465382127052966,
    -0.09915444494625963,
    -0.08365698971286707,
    0.048784653957723766,
    -0.0638519723112937,
    0.06784921913309849,
    0.03169550287893531,
    -0.08168132854290987,
    0.008168652621897466,
    0.04562152188418596,
    -0.09096080032486682,
    -0.0388802906726053,
    -0.052362192487732474,
    0.07468104885213302,
    -0.10167738475989786,
    -0.005032955972030265,
    0.05327836563709026,
    -0.001943627796252938,
    -0.021300476196344856,
    -0.07086197683714639,
    -0.02235154539258072,
    0.001889071028866452,
    0.0367709306493244,
    0.05690406380704271,
    -0.07183103215691682,
    0.10063524413942926,
    -0.05738053055463744,
    0.0078105451518035805,
    -0.06280849796855065,
    -0.0468679758028364,
    -0.01715639688570903,
    -0.037485424578381304,
    0.08160166735771512,
    -0.10787146742249745,
    -0.06047734241508208,
    -0.0392483610714554,
    0.06299355182283067,
    0.04393566414789035,
    -0.0007424386222061514,
    0.10432262699248346,
    -0.04848864730150838,
    -0.11123768600821063,
    0.0571573270608459,
    -0.021255885515723306,
    0.0036200120057634723,
    -0.0607505075130632,
    0.01936542504266209,
    -0.13495198747244602,
    -0.05577394386938949,
    0.039712593254220475,
    -0.15649444698826245,
    -0.23244537975196145,
    0.023278746347798838,
    -0.022575172597870927,
    -0.07851072931911049,
    -0.04570494281210705,
    -0.05140665424282342,
    -0.016419182067454373,
    0.09822947120060989,
    0.0285131801166915,
    0.07093000815921177,
    0.007078594118842489,
    0.0500301483184149,
    0.0073895042291901485,
    0.023964370527264463,
    0.06291772924131668,
    0.05042656247458554,
    0.011063533011630279,
    -0.02558249451936157,
    -0.12322910728217863,
    -0.034740715759433584,
    -0.10117166295749123,
    0.044126677455008985,
    -0.09917005239562357,
    0.04078564704699661,
    0.025328804008267036,
    0.04908406595076074,
    -0.0019475249125672897,
    0.014930277655016928,
    0.022047832131383425,
    -0.024315296282575456,
    -0.02311879251832843,
    -0.041796610737376644,
    0.08197963753024878,
    0.007675665255465231,
    -0.02007242505846657,
    -0.01871892378202324,
    0.0195673726502004,
    0.02350631026866202,
    0.019510881026838563,
    -0.07307801539789169,
    0.10419337695098156,
    0.18206557202372117,
    0.04115058120449663,
    -0.026764732529537347,
    0.09007350216674377,
    -0.05291791386904403,
    0.045233810732750464,
    0.07963477755023715,
    -0.018779518475176553,
    -0.030810780548379373,
    0.09814700213982765,
    0.034089548272187464,
    0.013978301413291806,
    -0.03948032346299754,
    -0.019726119741438633,
    0.03345141723752448,
    -0.03506940821364841,
    -0.11644960509908257,
    0.11774541200129683,
    0.0453757405945053,
    0.03756807086130682,
    0.07654389199448078,
    -0.010232555360362251,
    0.07499422075474449,
    -0.03229125817015083,
    0.09670295719118993,
    0.033117030656695245,
    -0.010239642909914982,
    -0.03431739494036283,
    -0.04439617864974268,
    -0.09614144733786362,
    0.010295585571692934,
    -0.044397674349626506,
    -0.007366256597699729,
    0.09479233104534071,
    -0.007063927508230126,
    0.017196257973597813,
    -0.062132763913452176,
    0.017196250918924308,
    -0.05238653780705514,
    0.08698999291006576,
    -0.12280733543164893,
    -0.038588928491769765,
    0.10981639412554438,
    -0.023538090613418224,
    -0.04566313438384457,
    0.056806216352957274,
    0.0428978096107482,
    0.005484177940194454,
    -0.014668994740826842,
    -0.03115927155062157
  ],
  "modality_contributions": {
    "spectral": 0.4,
    "imu": 0.21,
    "audio": 0.24
  },
  "quality_score": 0.8000000000000002
}