{
  "episode_id": "mil_schumann_ground_sync_v02",
  "dim": 256,
  "vector": [
    -0.020534043672560245,
    0.10155301410896751,
    0.03295444647801592,
    0.03791303312634775,
    -0.02763229291903663,
    0.012242493756351419,
    -0.0839584695680769,
    0.059872780463838496,
    0.09203972831290763,
    0.06658333011240342,
    0.09472533305782688,
    0.06752753858224521,
    -0.019669603997551556,
    -0.01112720649835151,
    -0.07825808422627727,
    0.04814910262367273,
    0.03607181620032128,
    0.1078565702710339,
    0.03976648653345189,
    -0.0530371219571257,
    -0.08544522523322723,
    0.05155990086598465,
    0.009559081644972206,
    -0.03583123057030998,
    0.00510558736791999,
    -0.02325687032445269,
    -0.1718630330933854,
    -0.01131242688529508,
    -0.08354453448990205,
    -0.014498238555959615,
    -0.0984923572338754,
    0.01912104190595999,
    -0.05698182579467573,
    -0.0020527799855829796,
    0.05487133996791483,
    0.018222886867752072,
    0.034351506644603166,
    0.08394792860496442,
    -0.0012445210554142372,
    0.04022428884594749,
    -0.004904256538367553,
    -0.09282089364103441,
    0.031082995296724755,
    -0.04500524264916824,
    0.021597489087153816,
    0.009581789377113781,
    0.021327468925162536,
    -0.0444253537065492,
    -0.05607248491817119,
    0.07929288548746316,
    -0.05094777006549394,
    -0.0037572681514955837,
    0.02061328038843564,
    0.015930763153583785,
    3.847926713372502e-06,
    0.03538746685587922,
    0.07870095467224389,
    0.03531766406915019,
    -0.05691491442673892,
    -0.0030806375036103203,
    0.060460805594779295,
    -0.13599460609211236,
    0.11767256965160305,
    -0.03360837391573681,
    -0.0003157547031142537,
    -0.02282431667302882,
    -0.011038053869698888,
    -0.012285058351046306,
    -0.06626025976578416,
    -0.05067250719680802,
    -0.1660673509279302,
    -0.04194098646061023,
    0.06557759300678602,
    -0.07009691373309493,
    -0.09315011422592223,
    -0.09387525401043989,
    -0.07921797770681846,
    0.04694237002153564,
    0.11274675544456848,
    -0.03141583704748772,
    -0.0017149125733839747,
    -0.13005575157405644,
    -0.07344069971913107,
    -0.023430541169967622,
    0.03154123894485378,
    -0.055046239075277045,
    0.07502302213987438,
    -0.03258902699484695,
    0.057765706752838625,
    0.053561795400574826,
    -0.09385962592168615,
    0.11339890528201683,
    -0.05101037979231906,
    -0.0815602586138895,
    0.11564507215079571,
    -0.007383846502084731,
    0.03385206923016606,
    0.03849759458903843,
    0.0766816581842783,
    0.07589777357736915,
    -0.10312086709039976,
    -0.010064269212829213,
    -0.0034051243691652863,
    0.001194415038254527,
    -0.025097429110115175,
    0.08801301729896896,
    0.06910288167928086,
    -0.0217406614270739,
    0.08443262453202559,
    0.11246433632866241,
    -0.156659552744667,
    -0.03746969013514056,
    -0.022956388808110354,
    0.014146923342467156,
    -0.028183844517125734,
    -0.15313974209340978,
    -0.10518067609820336,
    -0.05492721630835648,
    -0.09506633240969631,
    0.010486718335166668,
    0.01661050387725933,
    -0.13921220771127063,
    -0.005262996965919505,
    0.05934261676484803,
    -0.04258584570547576,
    0.028929112807337464,
    0.13453808104895434,
    0.07901304609556578,
    0.01950752556042933,
    0.0142879786504429,
    0.043830174789287614,
    -0.009594554629622045,
    -0.09525111945498413,
    0.028908103777358578,
    -0.012685244448453786,
    0.06944782986102838,
    -0.015694743239074042,
    0.0008148949106256842,
    0.01918887602267926,
    -0.04121006456385349,
    0.027410605286568482,
    0.013599472199172733,
    0.07218358411807524,
    0.028044996521139485,
    -0.06268299809621036,
    -0.007302935580553915,
    -0.0040301668886411285,
    0.06534807842482154,
    -0.05018666402546833,
    0.01595398006774427,
    0.015798943909464496,
    -0.013881541328455435,
    -0.08272958705058228,
    0.019130501985540633,
    0.03703142450878139,
    0.05140320275892275,
    0.13376720004143364,
    0.017920777063234864,
    0.02932626492379221,
    0.0248485129308327,
    -0.05958040644491188,
    -0.08046988394004741,
    0.04534493771818292,
    -0.015787088634598816,
    -0.024298350036125974,
    0.00996468830225916,
    0.0973370495262929,
    -0.03521580145869414,
    0.01739533006493452,
    -0.09500240020862871,
    0.15924659559161983,
    -0.00511131569626761,
    -0.03550007924287099,
    -0.08679620090236824,
    -0.04485979568809402,
    -0.050404126712466434,
    -0.012577138859163905,
    0.04157796838188216,
    0.04692769098517275,
    0.025785392735983584,
    -0.053746003485659395,
    -0.0028487151640318883,
    0.03673045190540426,
    -0.13472213038820383,
    -0.10359648047535801,
    -0.007125074213705791,
    -0.03854190805277922,
    -0.031003744968785916,
    0.04410207333985168,
    -0.0867544507926507,
    0.024025452036337932,
    0.006611540930594356,
    -0.02353402659310823,
    0.05887071291155151,
    -0.04795698987220406,
    0.08200345548043725,
    0.06639784626494288,
    3.466628919116044e-05,
    0.04373207134938577,
    -0.0031711079446654997,
    0.14088049487341467,
    -0.004965608699171336,
    0.07734131383224342,
    0.013810425324910823,
    -0.08916186002795502,
    0.06594029775364399,
    -0.0484095878099248,
    -0.0610632761375018,
    0.02481617345318813,
    -0.04978935856437857,
    -0.08527262321949855,
    -0.07667818645152512,
    0.04123925525869618,
    -0.10677465434081422,
    -0.04076292853570217,
    0.008985234530225468,
    0.14568804381694736,
    -0.040612013767959004,
    0.011417494167671504,
    0.04207068505546658,
    0.06562182200004807,
    -0.07565201999580659,
    -0.017314032320171972,
    -0.01698881883079869,
    -0.04534526663691042,
    0.019701484691382273,
    0.07620988420783731,
    0.00820034333470734,
    0.061841504711197946,
    0.08906267631747646,
    -0.03604970256502245,
    0.016195269514183732,
    -0.044623093589409295,
    -0.04916643409448302,
    0.12707614253471325,
    -0.010249615118546504,
    0.08392763792462586,
    -0.06971390132740515,
    -0.013415322380976485,
    0.030658335287619354,
    -0.053942223130415,
    0.04379030631710869,
    0.022452875162197506,
    0.041248702609586525,
    0.0520571029919092,
    0.03676498257453311,
    -0.07872945344482225,
    -0.1091864515543499,
    0.08261951624652082,
    0.00829292536126103,
    0.016538740743109886,
    -0.021851144954257655,
    0.020827724903517954,
    0.015621793994621717,
    -0.058181513007789,
    -0.0037169705085637185
  ],
  "modality_contributions": {
    "spectral": 0.4,
    "imu": 0.21,
    "audio": 0.24
  },
  "quality_score": 0.8000000000000002
}