{
  "episode_id": "mil_ku_strike_intercept_v03",
  "dim": 256,
  "vector": [
    0.026137944811925357,
    0.05836785153440451,
    0.05307137826374104,
    -0.025775141774735066,
    -0.011910393318788912,
    -0.05575629564410872,
    0.060539450533003795,
    0.11750504098672407,
    0.015573587746111586,
    -0.08048972175698792,
    -0.031000489024471316,
    -0.002421301207768067,
    0.0025587406639311773,
    -0.007324168415346719,
    -0.0346548989288504,
    -0.056293915019869155,
    -0.10959924754540777,
    0.018527364463476702,
    0.10781351838068437,
    0.048863141306364884,
    0.044111090373394,
    0.04394891767230689,
    0.023222099776176227,
    -0.054839250651313697,
    -0.054062662690390985,
    -0.005539950178903616,
    -0.013886095648206063,
    -0.11242716522148766,
    -0.029874487280187365,
    -0.03013534043950682,
    0.1133270400089335,
    0.04695590387004971,
    0.05007936328884182,
    -0.0008762697904183107,
    0.013446718820832978,
    -0.08900080760379125,
    -0.11644422431665953,
    0.07763750146395339,
    -0.04763583913988661,
    0.023463859896091743,
    0.07808147162369322,
    -0.04621299079187855,
    0.04055581353977624,
    0.016565499671070266,
    -0.0695113777575346,
    -0.07448396911265122,
    0.04291732629855371,
    -0.04964215538839,
    -0.09808481435999168,
    0.057330132891771884,
    -0.013200559695427135,
    -0.0160628760831,
    -0.026189529494912378,
    -0.017429181640915,
    0.07066308315402411,
    -0.012324262749316224,
    -0.03900600783231005,
    -0.007173464109385803,
    0.043181502745994416,
    0.019450070405968953,
    -0.04532468828168571,
    -0.04258384432352785,
    -0.03233648530730107,
    -0.02542332485753542,
    -0.008037792412848828,
    -0.014165371065000909,
    0.00797698041060521,
    -0.007016151351217026,
    -0.09851861285539644,
    -0.04369946448823742,
    -0.03254653221088185,
    -0.1472518286891,
    -0.11307574545690068,
    0.11319693392190679,
    -0.00024319366524990863,
    -0.05822280250371289,
    -0.01948690015504517,
    -0.14227069826423783,
    -0.00513445438775575,
    -0.0819189713887379,
    -0.065799151575435,
    0.027253068401256804,
    -0.07517482932685055,
    0.15560988556727123,
    0.031948279932191084,
    0.019264312384007942,
    0.16733475239327295,
    0.03198887013731853,
    0.051419423381294474,
    -0.045043988600815946,
    0.15385160268782594,
    -0.018366427010084698,
    -0.021296281426574522,
    0.04006120096736127,
    -0.07032320701040456,
    0.03171455629301922,
    0.03088444161997907,
    0.011930149651010392,
    -0.029760025882301432,
    0.02529968260571717,
    -0.063735929204424,
    -0.051114038467519,
    0.10299228991595995,
    -0.038976430901416635,
    0.02010364969912629,
    -0.08601655301446069,
    0.02079259399842262,
    0.006395302223785482,
    -0.025450870902861356,
    -0.09003618642010959,
    -0.16778659999931173,
    0.0045765831349169304,
    -0.0981512757674743,
    -0.05957457105902435,
    0.022080899700041668,
    -0.011531429858387588,
    -0.0009655189335320934,
    0.04531421802892221,
    -0.04741830279088516,
    0.08956767345029962,
    -0.07886149142149443,
    0.07519847507099785,
    -0.008187546920977897,
    -0.014277240762291895,
    0.0607958142376532,
    0.02195810346220939,
    -0.006422272754839438,
    -0.009830408135354449,
    -0.003479159624570007,
    -0.01379288362909801,
    -0.05254677874600133,
    -0.020021605483526283,
    0.014973197494423147,
    0.1387493833034066,
    0.019926821307828333,
    0.007744228147017815,
    0.01721307416857348,
    0.059486193427052254,
    -0.028202911422270768,
    -0.0991795620740043,
    0.08151979264814584,
    0.07973461304907636,
    0.07691225317379505,
    -0.01262746467797248,
    -0.06643665210980204,
    0.0072191799344161,
    0.027842236644564804,
    -0.1252372270219624,
    -0.09607634664103104,
    0.07208171255901459,
    0.12291541496831052,
    -0.015296281884894776,
    -0.045877675976833426,
    0.060479763599913305,
    0.05793894274217758,
    0.06719024589393667,
    -0.09078983169619285,
    -0.004603822227007585,
    -0.01012377750177885,
    0.07756150911528273,
    0.05097677696400124,
    0.14177392155056362,
    0.0528767222949742,
    0.040724651120163664,
    0.07025582474657119,
    0.046792027442747415,
    -0.05134329657481004,
    0.04114056034442845,
    0.039920135214774055,
    -0.05131472962668143,
    -0.02802872703692603,
    -0.027324636776140342,
    0.00963937200581925,
    -0.009458609675110289,
    -0.07755495446048327,
    -0.043431439591764626,
    -0.04746228945440029,
    0.035024502871912506,
    0.10405990884707211,
    -0.004871717281678178,
    -0.05357503839678328,
    0.07173740080160215,
    0.006109647763664771,
    0.08795750899161958,
    -0.00973721528146038,
    0.026347930851880412,
    -0.077840808861149,
    0.002703720843302822,
    0.08374768495725546,
    0.17492846598977232,
    -0.036791612214601505,
    -0.056686781440414155,
    0.0409408321266745,
    0.0004581427603520842,
    -0.028386718058095544,
    0.10151216533831586,
    0.1278393402311307,
    -0.036582688338240986,
    0.09287309475246583,
    0.02654975020901023,
    -0.0050667067175205055,
    0.0668826168489371,
    -0.04924326804946607,
    0.11044517725927122,
    -0.05783027680732485,
    -0.07837321991221893,
    0.0542513365586391,
    0.013709514829526188,
    -0.06290525816291766,
    0.08801861872256271,
    -0.0006406869488196881,
    -0.09708056719745176,
    0.0015237262659082546,
    0.16150136378028704,
    0.0449717120732241,
    -0.0799304728190281,
    0.06403285444480261,
    -0.0023126597835408987,
    0.03419146884147131,
    -0.041909811399429564,
    0.0052337900286614685,
    -0.023610614366463056,
    0.052375501938963384,
    -0.036836789013990026,
    -0.05516087375739922,
    -0.09629839712240683,
    0.001390590981873666,
    0.12831873275066422,
    0.005873583672293833,
    0.011027801546209012,
    0.08428524239493505,
    0.007839368201257399,
    0.05634872923305285,
    -0.07662574012736907,
    0.04387215373447626,
    0.024506861400900148,
    0.07307867994236358,
    -0.02099249910133959,
    -0.05729959580530773,
    0.04662986648040462,
    -0.08689144779495911,
    -0.06118878045862547,
    0.026657978549943825,
    -8.72266839440171e-05,
    -0.04461736418431887,
    0.018997776008506502,
    -0.03915903322276827,
    -0.013597577406509083,
    -0.045626583275040426,
    0.05085073759123904,
    0.03407496080267302,
    0.044485950641684584,
    0.04182174148332599,
    0.018579715810401645,
    -0.09622899995323433,
    0.06261582850281132
  ],
  "modality_contributions": {
    "spectral": 0.4,
    "imu": 0.21,
    "audio": 0.24
  },
  "quality_score": 0.8000000000000002
}